Target,Model Type,Model,PROSA
T1024-D0,AlphaFold,ranked_0,-7.22
T1024-D0,AlphaFold,ranked_1,-7.24
T1024-D0,AlphaFold,ranked_2,-7.44
T1024-D0,AlphaFold,ranked_3,-6.87
T1024-D0,AlphaFold,ranked_4,-6.84
T1024-D0,five_ranked_unsupervised,Mod-5ranked_unsupervised_0,-6.95
T1024-D0,five_ranked_unsupervised,Mod-5ranked_unsupervised_1,-7.01
T1024-D0,five_ranked_unsupervised,Mod-5ranked_unsupervised_2,-6.79
T1024-D0,five_ranked_unsupervised,Mod-5ranked_unsupervised_3,-7.06
T1024-D0,five_ranked_unsupervised,Mod-5ranked_unsupervised_4,-6.71
T1024-D0,two_best_supervised,Mod-2best_supervised_0,-7.05
T1024-D0,two_best_supervised,Mod-2best_supervised_1,-7.06
T1024-D0,two_best_supervised,Mod-2best_supervised_2,-7.15
T1024-D0,two_best_supervised,Mod-2best_supervised_3,-7.05
T1024-D0,two_best_supervised,Mod-2best_supervised_4,-7.27
T1024-D0,two_best_unsupervised,Mod-2best_unsupervised_0,-7.05
T1024-D0,two_best_unsupervised,Mod-2best_unsupervised_1,-7.06
T1024-D0,two_best_unsupervised,Mod-2best_unsupervised_2,-7.15
T1024-D0,two_best_unsupervised,Mod-2best_unsupervised_3,-7.05
T1024-D0,two_best_unsupervised,Mod-2best_unsupervised_4,-7.27
T1024-D1,AlphaFold,ranked_0,-5.03
T1024-D1,AlphaFold,ranked_1,-5.22
T1024-D1,AlphaFold,ranked_2,-5.11
T1024-D1,AlphaFold,ranked_3,-5.06
T1024-D1,AlphaFold,ranked_4,-4.95
T1024-D1,five_ranked_unsupervised,Mod-5ranked_unsupervised_0,-5.19
T1024-D1,five_ranked_unsupervised,Mod-5ranked_unsupervised_1,-5.11
T1024-D1,five_ranked_unsupervised,Mod-5ranked_unsupervised_2,-5.15
T1024-D1,five_ranked_unsupervised,Mod-5ranked_unsupervised_3,-5.1
T1024-D1,five_ranked_unsupervised,Mod-5ranked_unsupervised_4,-5.17
T1024-D1,two_best_supervised,Mod-2best_supervised_0,-5.11
T1024-D1,two_best_supervised,Mod-2best_supervised_1,-5.11
T1024-D1,two_best_supervised,Mod-2best_supervised_2,-5.14
T1024-D1,two_best_supervised,Mod-2best_supervised_3,-5.12
T1024-D1,two_best_supervised,Mod-2best_supervised_4,-5.12
T1024-D1,two_best_unsupervised,Mod-2best_unsupervised_0,-5.11
T1024-D1,two_best_unsupervised,Mod-2best_unsupervised_1,-5.11
T1024-D1,two_best_unsupervised,Mod-2best_unsupervised_2,-5.14
T1024-D1,two_best_unsupervised,Mod-2best_unsupervised_3,-5.12
T1024-D1,two_best_unsupervised,Mod-2best_unsupervised_4,-5.12
T1024-D2,AlphaFold,ranked_0,-5.25
T1024-D2,AlphaFold,ranked_1,-5.24
T1024-D2,AlphaFold,ranked_2,-5.34
T1024-D2,AlphaFold,ranked_3,-5.32
T1024-D2,AlphaFold,ranked_4,-5.02
T1024-D2,five_ranked_unsupervised,Mod-5ranked_unsupervised_0,-5.17
T1024-D2,five_ranked_unsupervised,Mod-5ranked_unsupervised_1,-5.11
T1024-D2,five_ranked_unsupervised,Mod-5ranked_unsupervised_2,-5.08
T1024-D2,five_ranked_unsupervised,Mod-5ranked_unsupervised_3,-5.23
T1024-D2,five_ranked_unsupervised,Mod-5ranked_unsupervised_4,-5.14
T1024-D2,two_best_supervised,Mod-2best_supervised_0,-5.16
T1024-D2,two_best_supervised,Mod-2best_supervised_1,-5.15
T1024-D2,two_best_supervised,Mod-2best_supervised_2,-5.1
T1024-D2,two_best_supervised,Mod-2best_supervised_3,-5.23
T1024-D2,two_best_supervised,Mod-2best_supervised_4,-5.18
T1024-D2,two_best_unsupervised,Mod-2best_unsupervised_0,-5.32
T1024-D2,two_best_unsupervised,Mod-2best_unsupervised_1,-5.2
T1024-D2,two_best_unsupervised,Mod-2best_unsupervised_2,-5.11
T1024-D2,two_best_unsupervised,Mod-2best_unsupervised_3,-5.07
T1024-D2,two_best_unsupervised,Mod-2best_unsupervised_4,-5.07
T1025-D1,AlphaFold,ranked_0,-8.8
T1025-D1,AlphaFold,ranked_1,-8.86
T1025-D1,AlphaFold,ranked_2,-8.97
T1025-D1,AlphaFold,ranked_3,-9.22
T1025-D1,AlphaFold,ranked_4,-9
T1025-D1,five_ranked_unsupervised,Mod-5ranked_unsupervised_0,-8.85
T1025-D1,five_ranked_unsupervised,Mod-5ranked_unsupervised_1,-8.93
T1025-D1,five_ranked_unsupervised,Mod-5ranked_unsupervised_2,-8.92
T1025-D1,five_ranked_unsupervised,Mod-5ranked_unsupervised_3,-8.8
T1025-D1,five_ranked_unsupervised,Mod-5ranked_unsupervised_4,-9.06
T1025-D1,two_best_supervised,Mod-2best_supervised_0,-9.02
T1025-D1,two_best_supervised,Mod-2best_supervised_1,-8.9
T1025-D1,two_best_supervised,Mod-2best_supervised_2,-8.96
T1025-D1,two_best_supervised,Mod-2best_supervised_3,-8.81
T1025-D1,two_best_supervised,Mod-2best_supervised_4,-8.94
T1025-D1,two_best_unsupervised,Mod-2best_unsupervised_0,-8.87
T1025-D1,two_best_unsupervised,Mod-2best_unsupervised_1,-8.81
T1025-D1,two_best_unsupervised,Mod-2best_unsupervised_2,-8.84
T1025-D1,two_best_unsupervised,Mod-2best_unsupervised_3,-8.77
T1025-D1,two_best_unsupervised,Mod-2best_unsupervised_4,-8.91
T1026-D1,AlphaFold,ranked_0,-5.74
T1026-D1,AlphaFold,ranked_1,-5.46
T1026-D1,AlphaFold,ranked_2,-5.78
T1026-D1,AlphaFold,ranked_3,-5.42
T1026-D1,AlphaFold,ranked_4,-5.72
T1026-D1,five_ranked_unsupervised,Mod-5ranked_unsupervised_0,-5.62
T1026-D1,five_ranked_unsupervised,Mod-5ranked_unsupervised_1,-5.76
T1026-D1,five_ranked_unsupervised,Mod-5ranked_unsupervised_2,-5.56
T1026-D1,five_ranked_unsupervised,Mod-5ranked_unsupervised_3,-5.63
T1026-D1,five_ranked_unsupervised,Mod-5ranked_unsupervised_4,-5.54
T1026-D1,two_best_supervised,Mod-2best_supervised_0,-5.8
T1026-D1,two_best_supervised,Mod-2best_supervised_1,-5.74
T1026-D1,two_best_supervised,Mod-2best_supervised_2,-5.71
T1026-D1,two_best_supervised,Mod-2best_supervised_3,-5.69
T1026-D1,two_best_supervised,Mod-2best_supervised_4,-5.75
T1026-D1,two_best_unsupervised,Mod-2best_unsupervised_0,-5.79
T1026-D1,two_best_unsupervised,Mod-2best_unsupervised_1,-5.71
T1026-D1,two_best_unsupervised,Mod-2best_unsupervised_2,-5.79
T1026-D1,two_best_unsupervised,Mod-2best_unsupervised_3,-5.85
T1026-D1,two_best_unsupervised,Mod-2best_unsupervised_4,-5.77
T1028-D1,AlphaFold,ranked_0,-5.66
T1028-D1,AlphaFold,ranked_1,-5.73
T1028-D1,AlphaFold,ranked_2,-5.48
T1028-D1,AlphaFold,ranked_3,-5.48
T1028-D1,AlphaFold,ranked_4,-5.5
T1028-D1,five_ranked_unsupervised,Mod-5ranked_unsupervised_0,-5.58
T1028-D1,five_ranked_unsupervised,Mod-5ranked_unsupervised_1,-5.67
T1028-D1,five_ranked_unsupervised,Mod-5ranked_unsupervised_2,-5.66
T1028-D1,five_ranked_unsupervised,Mod-5ranked_unsupervised_3,-5.63
T1028-D1,five_ranked_unsupervised,Mod-5ranked_unsupervised_4,-5.56
T1028-D1,two_best_supervised,Mod-2best_supervised_0,-5.68
T1028-D1,two_best_supervised,Mod-2best_supervised_1,-5.46
T1028-D1,two_best_supervised,Mod-2best_supervised_2,-5.64
T1028-D1,two_best_supervised,Mod-2best_supervised_3,-5.74
T1028-D1,two_best_supervised,Mod-2best_supervised_4,-5.37
T1028-D1,two_best_unsupervised,Mod-2best_unsupervised_0,-5.68
T1028-D1,two_best_unsupervised,Mod-2best_unsupervised_1,-5.46
T1028-D1,two_best_unsupervised,Mod-2best_unsupervised_2,-5.64
T1028-D1,two_best_unsupervised,Mod-2best_unsupervised_3,-5.74
T1028-D1,two_best_unsupervised,Mod-2best_unsupervised_4,-5.37
T1029-D1,AlphaFold,ranked_0,-5.76
T1029-D1,AlphaFold,ranked_1,-5.78
T1029-D1,AlphaFold,ranked_2,-5.67
T1029-D1,AlphaFold,ranked_3,-5.8
T1029-D1,AlphaFold,ranked_4,-5.82
T1029-D1,five_ranked_unsupervised,Mod-5ranked_unsupervised_0,-5.85
T1029-D1,five_ranked_unsupervised,Mod-5ranked_unsupervised_1,-5.79
T1029-D1,five_ranked_unsupervised,Mod-5ranked_unsupervised_2,-5.89
T1029-D1,five_ranked_unsupervised,Mod-5ranked_unsupervised_3,-5.87
T1029-D1,five_ranked_unsupervised,Mod-5ranked_unsupervised_4,-5.8
T1029-D1,two_best_supervised,Mod-2best_supervised_0,-5.95
T1029-D1,two_best_supervised,Mod-2best_supervised_1,-5.78
T1029-D1,two_best_supervised,Mod-2best_supervised_2,-5.86
T1029-D1,two_best_supervised,Mod-2best_supervised_3,-5.84
T1029-D1,two_best_supervised,Mod-2best_supervised_4,-5.89
T1029-D1,two_best_unsupervised,Mod-2best_unsupervised_0,-5.95
T1029-D1,two_best_unsupervised,Mod-2best_unsupervised_1,-5.78
T1029-D1,two_best_unsupervised,Mod-2best_unsupervised_2,-5.86
T1029-D1,two_best_unsupervised,Mod-2best_unsupervised_3,-5.84
T1029-D1,two_best_unsupervised,Mod-2best_unsupervised_4,-5.89
T1030-D0,AlphaFold,ranked_0,-7.71
T1030-D0,AlphaFold,ranked_1,-7.97
T1030-D0,AlphaFold,ranked_2,-7.89
T1030-D0,AlphaFold,ranked_3,-7.92
T1030-D0,AlphaFold,ranked_4,-6.98
T1030-D0,five_ranked_unsupervised,Mod-5ranked_unsupervised_0,-7.85
T1030-D0,five_ranked_unsupervised,Mod-5ranked_unsupervised_1,-7.84
T1030-D0,five_ranked_unsupervised,Mod-5ranked_unsupervised_2,-7.74
T1030-D0,five_ranked_unsupervised,Mod-5ranked_unsupervised_3,-7.68
T1030-D0,five_ranked_unsupervised,Mod-5ranked_unsupervised_4,-7.68
T1030-D0,two_best_supervised,Mod-2best_supervised_0,-7.66
T1030-D0,two_best_supervised,Mod-2best_supervised_1,-7.74
T1030-D0,two_best_supervised,Mod-2best_supervised_2,-7.66
T1030-D0,two_best_supervised,Mod-2best_supervised_3,-7.94
T1030-D0,two_best_supervised,Mod-2best_supervised_4,-7.74
T1030-D0,two_best_unsupervised,Mod-2best_unsupervised_0,-7.89
T1030-D0,two_best_unsupervised,Mod-2best_unsupervised_1,-7.82
T1030-D0,two_best_unsupervised,Mod-2best_unsupervised_2,-7.91
T1030-D0,two_best_unsupervised,Mod-2best_unsupervised_3,-7.67
T1030-D0,two_best_unsupervised,Mod-2best_unsupervised_4,-7.95
T1030-D1,AlphaFold,ranked_0,-6.19
T1030-D1,AlphaFold,ranked_1,-6.18
T1030-D1,AlphaFold,ranked_2,-6.1
T1030-D1,AlphaFold,ranked_3,-6.04
T1030-D1,AlphaFold,ranked_4,-6.18
T1030-D1,five_ranked_unsupervised,Mod-5ranked_unsupervised_0,-6.11
T1030-D1,five_ranked_unsupervised,Mod-5ranked_unsupervised_1,-6.31
T1030-D1,five_ranked_unsupervised,Mod-5ranked_unsupervised_2,-6.07
T1030-D1,five_ranked_unsupervised,Mod-5ranked_unsupervised_3,-6.13
T1030-D1,five_ranked_unsupervised,Mod-5ranked_unsupervised_4,-6.17
T1030-D1,two_best_supervised,Mod-2best_supervised_0,-6.05
T1030-D1,two_best_supervised,Mod-2best_supervised_1,-6.01
T1030-D1,two_best_supervised,Mod-2best_supervised_2,-6.04
T1030-D1,two_best_supervised,Mod-2best_supervised_3,-6.13
T1030-D1,two_best_supervised,Mod-2best_supervised_4,-6.01
T1030-D1,two_best_unsupervised,Mod-2best_unsupervised_0,-6.02
T1030-D1,two_best_unsupervised,Mod-2best_unsupervised_1,-6.18
T1030-D1,two_best_unsupervised,Mod-2best_unsupervised_2,-6.06
T1030-D1,two_best_unsupervised,Mod-2best_unsupervised_3,-5.8
T1030-D1,two_best_unsupervised,Mod-2best_unsupervised_4,-6.03
T1030-D2,AlphaFold,ranked_0,-5.9
T1030-D2,AlphaFold,ranked_1,-5.53
T1030-D2,AlphaFold,ranked_2,-5.79
T1030-D2,AlphaFold,ranked_3,-5.97
T1030-D2,AlphaFold,ranked_4,-6.01
T1030-D2,five_ranked_unsupervised,Mod-5ranked_unsupervised_0,-5.77
T1030-D2,five_ranked_unsupervised,Mod-5ranked_unsupervised_1,-5.79
T1030-D2,five_ranked_unsupervised,Mod-5ranked_unsupervised_2,-5.61
T1030-D2,five_ranked_unsupervised,Mod-5ranked_unsupervised_3,-5.72
T1030-D2,five_ranked_unsupervised,Mod-5ranked_unsupervised_4,-5.65
T1030-D2,two_best_supervised,Mod-2best_supervised_0,-6.04
T1030-D2,two_best_supervised,Mod-2best_supervised_1,-6.24
T1030-D2,two_best_supervised,Mod-2best_supervised_2,-5.93
T1030-D2,two_best_supervised,Mod-2best_supervised_3,-5.74
T1030-D2,two_best_supervised,Mod-2best_supervised_4,-5.74
T1030-D2,two_best_unsupervised,Mod-2best_unsupervised_0,-5.79
T1030-D2,two_best_unsupervised,Mod-2best_unsupervised_1,-5.8
T1030-D2,two_best_unsupervised,Mod-2best_unsupervised_2,-5.91
T1030-D2,two_best_unsupervised,Mod-2best_unsupervised_3,-5.93
T1030-D2,two_best_unsupervised,Mod-2best_unsupervised_4,-5.87
T1031-D1,AlphaFold,ranked_0,-5.12
T1031-D1,AlphaFold,ranked_1,-4.71
T1031-D1,AlphaFold,ranked_2,-4.32
T1031-D1,AlphaFold,ranked_3,-4.67
T1031-D1,AlphaFold,ranked_4,-4.83
T1031-D1,five_ranked_unsupervised,Mod-5ranked_unsupervised_0,-4.82
T1031-D1,five_ranked_unsupervised,Mod-5ranked_unsupervised_1,-4.76
T1031-D1,five_ranked_unsupervised,Mod-5ranked_unsupervised_2,-4.9
T1031-D1,five_ranked_unsupervised,Mod-5ranked_unsupervised_3,-4.6
T1031-D1,five_ranked_unsupervised,Mod-5ranked_unsupervised_4,-4.75
T1031-D1,two_best_supervised,Mod-2best_supervised_0,-4.72
T1031-D1,two_best_supervised,Mod-2best_supervised_1,-4.58
T1031-D1,two_best_supervised,Mod-2best_supervised_2,-4.67
T1031-D1,two_best_supervised,Mod-2best_supervised_3,-4.49
T1031-D1,two_best_supervised,Mod-2best_supervised_4,-4.54
T1031-D1,two_best_unsupervised,Mod-2best_unsupervised_0,-4.71
T1031-D1,two_best_unsupervised,Mod-2best_unsupervised_1,-4.65
T1031-D1,two_best_unsupervised,Mod-2best_unsupervised_2,-4.47
T1031-D1,two_best_unsupervised,Mod-2best_unsupervised_3,-4.58
T1031-D1,two_best_unsupervised,Mod-2best_unsupervised_4,-4.85
T1032-D1,AlphaFold,ranked_0,-6.68
T1032-D1,AlphaFold,ranked_1,-6.74
T1032-D1,AlphaFold,ranked_2,-6.74
T1032-D1,AlphaFold,ranked_3,-6.54
T1032-D1,AlphaFold,ranked_4,-6.65
T1032-D1,five_ranked_unsupervised,Mod-5ranked_unsupervised_0,-6.78
T1032-D1,five_ranked_unsupervised,Mod-5ranked_unsupervised_1,-6.7
T1032-D1,five_ranked_unsupervised,Mod-5ranked_unsupervised_2,-6.65
T1032-D1,five_ranked_unsupervised,Mod-5ranked_unsupervised_3,-6.61
T1032-D1,five_ranked_unsupervised,Mod-5ranked_unsupervised_4,-6.71
T1032-D1,two_best_supervised,Mod-2best_supervised_0,-6.69
T1032-D1,two_best_supervised,Mod-2best_supervised_1,-6.82
T1032-D1,two_best_supervised,Mod-2best_supervised_2,-6.67
T1032-D1,two_best_supervised,Mod-2best_supervised_3,-6.68
T1032-D1,two_best_supervised,Mod-2best_supervised_4,-6.62
T1032-D1,two_best_unsupervised,Mod-2best_unsupervised_0,-6.61
T1032-D1,two_best_unsupervised,Mod-2best_unsupervised_1,-6.65
T1032-D1,two_best_unsupervised,Mod-2best_unsupervised_2,-6.64
T1032-D1,two_best_unsupervised,Mod-2best_unsupervised_3,-6.58
T1032-D1,two_best_unsupervised,Mod-2best_unsupervised_4,-6.57
T1033-D1,AlphaFold,ranked_0,-3.48
T1033-D1,AlphaFold,ranked_1,-2.68
T1033-D1,AlphaFold,ranked_2,-4.7
T1033-D1,AlphaFold,ranked_3,-4.86
T1033-D1,AlphaFold,ranked_4,-3.24
T1033-D1,five_ranked_unsupervised,Mod-5ranked_unsupervised_0,-3.73
T1033-D1,five_ranked_unsupervised,Mod-5ranked_unsupervised_1,-3.8
T1033-D1,five_ranked_unsupervised,Mod-5ranked_unsupervised_2,-4.28
T1033-D1,five_ranked_unsupervised,Mod-5ranked_unsupervised_3,-4.1
T1033-D1,five_ranked_unsupervised,Mod-5ranked_unsupervised_4,-3.94
T1033-D1,two_best_supervised,Mod-2best_supervised_0,-2.97
T1033-D1,two_best_supervised,Mod-2best_supervised_1,-3.3
T1033-D1,two_best_supervised,Mod-2best_supervised_2,-3.06
T1033-D1,two_best_supervised,Mod-2best_supervised_3,-2.92
T1033-D1,two_best_supervised,Mod-2best_supervised_4,-3.05
T1033-D1,two_best_unsupervised,Mod-2best_unsupervised_0,-3.3
T1033-D1,two_best_unsupervised,Mod-2best_unsupervised_1,-2.63
T1033-D1,two_best_unsupervised,Mod-2best_unsupervised_2,-3.58
T1033-D1,two_best_unsupervised,Mod-2best_unsupervised_3,-3.49
T1033-D1,two_best_unsupervised,Mod-2best_unsupervised_4,-2.63
T1034-D1,AlphaFold,ranked_0,-5.72
T1034-D1,AlphaFold,ranked_1,-5.79
T1034-D1,AlphaFold,ranked_2,-5.66
T1034-D1,AlphaFold,ranked_3,-5.61
T1034-D1,AlphaFold,ranked_4,-5.84
T1034-D1,five_ranked_unsupervised,Mod-5ranked_unsupervised_0,-5.7
T1034-D1,five_ranked_unsupervised,Mod-5ranked_unsupervised_1,-5.7
T1034-D1,five_ranked_unsupervised,Mod-5ranked_unsupervised_2,-5.66
T1034-D1,five_ranked_unsupervised,Mod-5ranked_unsupervised_3,-5.56
T1034-D1,five_ranked_unsupervised,Mod-5ranked_unsupervised_4,-5.5
T1034-D1,two_best_supervised,Mod-2best_supervised_0,-5.81
T1034-D1,two_best_supervised,Mod-2best_supervised_1,-5.8
T1034-D1,two_best_supervised,Mod-2best_supervised_2,-5.76
T1034-D1,two_best_supervised,Mod-2best_supervised_3,-5.71
T1034-D1,two_best_supervised,Mod-2best_supervised_4,-5.71
T1034-D1,two_best_unsupervised,Mod-2best_unsupervised_0,-5.76
T1034-D1,two_best_unsupervised,Mod-2best_unsupervised_1,-5.89
T1034-D1,two_best_unsupervised,Mod-2best_unsupervised_2,-5.88
T1034-D1,two_best_unsupervised,Mod-2best_unsupervised_3,-5.8
T1034-D1,two_best_unsupervised,Mod-2best_unsupervised_4,-5.67
T1035-D1,AlphaFold,ranked_0,-4.88
T1035-D1,AlphaFold,ranked_1,-4.89
T1035-D1,AlphaFold,ranked_2,-4.86
T1035-D1,AlphaFold,ranked_3,-5.26
T1035-D1,AlphaFold,ranked_4,-4.91
T1035-D1,five_ranked_unsupervised,Mod-5ranked_unsupervised_0,-4.89
T1035-D1,five_ranked_unsupervised,Mod-5ranked_unsupervised_1,-4.99
T1035-D1,five_ranked_unsupervised,Mod-5ranked_unsupervised_2,-5.11
T1035-D1,five_ranked_unsupervised,Mod-5ranked_unsupervised_3,-5.05
T1035-D1,five_ranked_unsupervised,Mod-5ranked_unsupervised_4,-4.84
T1035-D1,two_best_supervised,Mod-2best_supervised_0,-4.99
T1035-D1,two_best_supervised,Mod-2best_supervised_1,-4.98
T1035-D1,two_best_supervised,Mod-2best_supervised_2,-5.06
T1035-D1,two_best_supervised,Mod-2best_supervised_3,-5.09
T1035-D1,two_best_supervised,Mod-2best_supervised_4,-4.82
T1035-D1,two_best_unsupervised,Mod-2best_unsupervised_0,-4.99
T1035-D1,two_best_unsupervised,Mod-2best_unsupervised_1,-4.98
T1035-D1,two_best_unsupervised,Mod-2best_unsupervised_2,-5.06
T1035-D1,two_best_unsupervised,Mod-2best_unsupervised_3,-5.09
T1035-D1,two_best_unsupervised,Mod-2best_unsupervised_4,-4.82
T1036s1-D1,AlphaFold,ranked_0,-7.68
T1036s1-D1,AlphaFold,ranked_1,-7.53
T1036s1-D1,AlphaFold,ranked_2,-8.48
T1036s1-D1,AlphaFold,ranked_3,-8.56
T1036s1-D1,AlphaFold,ranked_4,-8.4
T1036s1-D1,five_ranked_unsupervised,Mod-5ranked_unsupervised_0,-8.34
T1036s1-D1,five_ranked_unsupervised,Mod-5ranked_unsupervised_1,-8.04
T1036s1-D1,five_ranked_unsupervised,Mod-5ranked_unsupervised_2,-8.23
T1036s1-D1,five_ranked_unsupervised,Mod-5ranked_unsupervised_3,-8.22
T1036s1-D1,five_ranked_unsupervised,Mod-5ranked_unsupervised_4,-7.87
T1036s1-D1,two_best_supervised,Mod-2best_supervised_0,-7.55
T1036s1-D1,two_best_supervised,Mod-2best_supervised_1,-7.33
T1036s1-D1,two_best_supervised,Mod-2best_supervised_2,-7.72
T1036s1-D1,two_best_supervised,Mod-2best_supervised_3,-7.59
T1036s1-D1,two_best_supervised,Mod-2best_supervised_4,-7.56
T1036s1-D1,two_best_unsupervised,Mod-2best_unsupervised_0,-7.55
T1036s1-D1,two_best_unsupervised,Mod-2best_unsupervised_1,-7.33
T1036s1-D1,two_best_unsupervised,Mod-2best_unsupervised_2,-7.72
T1036s1-D1,two_best_unsupervised,Mod-2best_unsupervised_3,-7.59
T1036s1-D1,two_best_unsupervised,Mod-2best_unsupervised_4,-7.56
T1037-D1,AlphaFold,ranked_0,-8.41
T1037-D1,AlphaFold,ranked_1,-8.4
T1037-D1,AlphaFold,ranked_2,-8.59
T1037-D1,AlphaFold,ranked_3,-7.99
T1037-D1,AlphaFold,ranked_4,-7.68
T1037-D1,five_ranked_unsupervised,Mod-5ranked_unsupervised_0,-8.64
T1037-D1,five_ranked_unsupervised,Mod-5ranked_unsupervised_1,-8.29
T1037-D1,five_ranked_unsupervised,Mod-5ranked_unsupervised_2,-8.53
T1037-D1,five_ranked_unsupervised,Mod-5ranked_unsupervised_3,-8.56
T1037-D1,five_ranked_unsupervised,Mod-5ranked_unsupervised_4,-8.47
T1037-D1,two_best_supervised,Mod-2best_supervised_0,-8.58
T1037-D1,two_best_supervised,Mod-2best_supervised_1,-8.61
T1037-D1,two_best_supervised,Mod-2best_supervised_2,-8.61
T1037-D1,two_best_supervised,Mod-2best_supervised_3,-8.56
T1037-D1,two_best_supervised,Mod-2best_supervised_4,-8.49
T1037-D1,two_best_unsupervised,Mod-2best_unsupervised_0,-8.54
T1037-D1,two_best_unsupervised,Mod-2best_unsupervised_1,-8.51
T1037-D1,two_best_unsupervised,Mod-2best_unsupervised_2,-8.44
T1037-D1,two_best_unsupervised,Mod-2best_unsupervised_3,-8.44
T1037-D1,two_best_unsupervised,Mod-2best_unsupervised_4,-8.59
T1038-D0,AlphaFold,ranked_0,-6.94
T1038-D0,AlphaFold,ranked_1,-6.92
T1038-D0,AlphaFold,ranked_2,-7.19
T1038-D0,AlphaFold,ranked_3,-5.51
T1038-D0,AlphaFold,ranked_4,-6.14
T1038-D0,five_ranked_unsupervised,Mod-5ranked_unsupervised_0,-4.29
T1038-D0,five_ranked_unsupervised,Mod-5ranked_unsupervised_1,-4.73
T1038-D0,five_ranked_unsupervised,Mod-5ranked_unsupervised_2,-3.76
T1038-D0,five_ranked_unsupervised,Mod-5ranked_unsupervised_3,-4.94
T1038-D0,five_ranked_unsupervised,Mod-5ranked_unsupervised_4,-3.83
T1038-D0,two_best_supervised,Mod-2best_supervised_0,-6.74
T1038-D0,two_best_supervised,Mod-2best_supervised_1,-7.04
T1038-D0,two_best_supervised,Mod-2best_supervised_2,-6.96
T1038-D0,two_best_supervised,Mod-2best_supervised_3,-7
T1038-D0,two_best_supervised,Mod-2best_supervised_4,-6.7
T1038-D0,two_best_unsupervised,Mod-2best_unsupervised_0,-6.86
T1038-D0,two_best_unsupervised,Mod-2best_unsupervised_1,-6.94
T1038-D0,two_best_unsupervised,Mod-2best_unsupervised_2,-6.96
T1038-D0,two_best_unsupervised,Mod-2best_unsupervised_3,-7
T1038-D0,two_best_unsupervised,Mod-2best_unsupervised_4,-6.85
T1038-D1,AlphaFold,ranked_0,-4.76
T1038-D1,AlphaFold,ranked_1,-4.77
T1038-D1,AlphaFold,ranked_2,-4.62
T1038-D1,AlphaFold,ranked_3,-3.97
T1038-D1,AlphaFold,ranked_4,-3.13
T1038-D1,five_ranked_unsupervised,Mod-5ranked_unsupervised_0,-4.04
T1038-D1,five_ranked_unsupervised,Mod-5ranked_unsupervised_1,-4.21
T1038-D1,five_ranked_unsupervised,Mod-5ranked_unsupervised_2,-4.22
T1038-D1,five_ranked_unsupervised,Mod-5ranked_unsupervised_3,-4.12
T1038-D1,five_ranked_unsupervised,Mod-5ranked_unsupervised_4,-4
T1038-D1,two_best_supervised,Mod-2best_supervised_0,-4.72
T1038-D1,two_best_supervised,Mod-2best_supervised_1,-4.83
T1038-D1,two_best_supervised,Mod-2best_supervised_2,-4.55
T1038-D1,two_best_supervised,Mod-2best_supervised_3,-4.66
T1038-D1,two_best_supervised,Mod-2best_supervised_4,-4.71
T1038-D1,two_best_unsupervised,Mod-2best_unsupervised_0,-4.69
T1038-D1,two_best_unsupervised,Mod-2best_unsupervised_1,-4.74
T1038-D1,two_best_unsupervised,Mod-2best_unsupervised_2,-4.73
T1038-D1,two_best_unsupervised,Mod-2best_unsupervised_3,-4.71
T1038-D1,two_best_unsupervised,Mod-2best_unsupervised_4,-4.71
T1038-D2,AlphaFold,ranked_0,-6.39
T1038-D2,AlphaFold,ranked_1,-6.46
T1038-D2,AlphaFold,ranked_2,-6.31
T1038-D2,AlphaFold,ranked_3,-6.31
T1038-D2,AlphaFold,ranked_4,-6.1
T1038-D2,five_ranked_unsupervised,Mod-5ranked_unsupervised_0,-6.42
T1038-D2,five_ranked_unsupervised,Mod-5ranked_unsupervised_1,-6.19
T1038-D2,five_ranked_unsupervised,Mod-5ranked_unsupervised_2,-6.13
T1038-D2,five_ranked_unsupervised,Mod-5ranked_unsupervised_3,-6.26
T1038-D2,five_ranked_unsupervised,Mod-5ranked_unsupervised_4,-6.46
T1038-D2,two_best_supervised,Mod-2best_supervised_0,-5.95
T1038-D2,two_best_supervised,Mod-2best_supervised_1,-6.08
T1038-D2,two_best_supervised,Mod-2best_supervised_2,-6.24
T1038-D2,two_best_supervised,Mod-2best_supervised_3,-6.54
T1038-D2,two_best_supervised,Mod-2best_supervised_4,-6.21
T1038-D2,two_best_unsupervised,Mod-2best_unsupervised_0,-6.19
T1038-D2,two_best_unsupervised,Mod-2best_unsupervised_1,-6.35
T1038-D2,two_best_unsupervised,Mod-2best_unsupervised_2,-6.09
T1038-D2,two_best_unsupervised,Mod-2best_unsupervised_3,-6.28
T1038-D2,two_best_unsupervised,Mod-2best_unsupervised_4,-6.44
T1039-D1,AlphaFold,ranked_0,-7.96
T1039-D1,AlphaFold,ranked_1,-7.91
T1039-D1,AlphaFold,ranked_2,-7.94
T1039-D1,AlphaFold,ranked_3,-7.87
T1039-D1,AlphaFold,ranked_4,-8.27
T1039-D1,five_ranked_unsupervised,Mod-5ranked_unsupervised_0,-8.07
T1039-D1,five_ranked_unsupervised,Mod-5ranked_unsupervised_1,-8.16
T1039-D1,five_ranked_unsupervised,Mod-5ranked_unsupervised_2,-8.19
T1039-D1,five_ranked_unsupervised,Mod-5ranked_unsupervised_3,-8.02
T1039-D1,five_ranked_unsupervised,Mod-5ranked_unsupervised_4,-7.94
T1039-D1,two_best_supervised,Mod-2best_supervised_0,-7.99
T1039-D1,two_best_supervised,Mod-2best_supervised_1,-7.87
T1039-D1,two_best_supervised,Mod-2best_supervised_2,-7.92
T1039-D1,two_best_supervised,Mod-2best_supervised_3,-8.05
T1039-D1,two_best_supervised,Mod-2best_supervised_4,-7.78
T1039-D1,two_best_unsupervised,Mod-2best_unsupervised_0,-8.18
T1039-D1,two_best_unsupervised,Mod-2best_unsupervised_1,-7.92
T1039-D1,two_best_unsupervised,Mod-2best_unsupervised_2,-8.02
T1039-D1,two_best_unsupervised,Mod-2best_unsupervised_3,-8.45
T1039-D1,two_best_unsupervised,Mod-2best_unsupervised_4,-8.23
T1040-D1,AlphaFold,ranked_0,-5.35
T1040-D1,AlphaFold,ranked_1,-5.35
T1040-D1,AlphaFold,ranked_2,-6.19
T1040-D1,AlphaFold,ranked_3,-6.05
T1040-D1,AlphaFold,ranked_4,-5.21
T1040-D1,five_ranked_unsupervised,Mod-5ranked_unsupervised_0,-5.34
T1040-D1,five_ranked_unsupervised,Mod-5ranked_unsupervised_1,-5.36
T1040-D1,five_ranked_unsupervised,Mod-5ranked_unsupervised_2,-5.33
T1040-D1,five_ranked_unsupervised,Mod-5ranked_unsupervised_3,-5.37
T1040-D1,five_ranked_unsupervised,Mod-5ranked_unsupervised_4,-5.22
T1040-D1,two_best_supervised,Mod-2best_supervised_0,-5.55
T1040-D1,two_best_supervised,Mod-2best_supervised_1,-5.29
T1040-D1,two_best_supervised,Mod-2best_supervised_2,-5.33
T1040-D1,two_best_supervised,Mod-2best_supervised_3,-5.4
T1040-D1,two_best_supervised,Mod-2best_supervised_4,-5.35
T1040-D1,two_best_unsupervised,Mod-2best_unsupervised_0,-5.73
T1040-D1,two_best_unsupervised,Mod-2best_unsupervised_1,-5.37
T1040-D1,two_best_unsupervised,Mod-2best_unsupervised_2,-5.53
T1040-D1,two_best_unsupervised,Mod-2best_unsupervised_3,-5.44
T1040-D1,two_best_unsupervised,Mod-2best_unsupervised_4,-5.07
T1041-D1,AlphaFold,ranked_0,-7.85
T1041-D1,AlphaFold,ranked_1,-7.48
T1041-D1,AlphaFold,ranked_2,-7.83
T1041-D1,AlphaFold,ranked_3,-8.09
T1041-D1,AlphaFold,ranked_4,-7.18
T1041-D1,five_ranked_unsupervised,Mod-5ranked_unsupervised_0,-7.39
T1041-D1,five_ranked_unsupervised,Mod-5ranked_unsupervised_1,-7.36
T1041-D1,five_ranked_unsupervised,Mod-5ranked_unsupervised_2,-7.49
T1041-D1,five_ranked_unsupervised,Mod-5ranked_unsupervised_3,-7.38
T1041-D1,five_ranked_unsupervised,Mod-5ranked_unsupervised_4,-7.41
T1041-D1,two_best_supervised,Mod-2best_supervised_0,-7.76
T1041-D1,two_best_supervised,Mod-2best_supervised_1,-7.68
T1041-D1,two_best_supervised,Mod-2best_supervised_2,-7.67
T1041-D1,two_best_supervised,Mod-2best_supervised_3,-7.63
T1041-D1,two_best_supervised,Mod-2best_supervised_4,-7.69
T1041-D1,two_best_unsupervised,Mod-2best_unsupervised_0,-7.44
T1041-D1,two_best_unsupervised,Mod-2best_unsupervised_1,-7.55
T1041-D1,two_best_unsupervised,Mod-2best_unsupervised_2,-7.25
T1041-D1,two_best_unsupervised,Mod-2best_unsupervised_3,-7.84
T1041-D1,two_best_unsupervised,Mod-2best_unsupervised_4,-7.82
T1042-D1,AlphaFold,ranked_0,-8.25
T1042-D1,AlphaFold,ranked_1,-8.69
T1042-D1,AlphaFold,ranked_2,-7.97
T1042-D1,AlphaFold,ranked_3,-8.3
T1042-D1,AlphaFold,ranked_4,-7.97
T1042-D1,five_ranked_unsupervised,Mod-5ranked_unsupervised_0,-7.78
T1042-D1,five_ranked_unsupervised,Mod-5ranked_unsupervised_1,-8.08
T1042-D1,five_ranked_unsupervised,Mod-5ranked_unsupervised_2,-7.72
T1042-D1,five_ranked_unsupervised,Mod-5ranked_unsupervised_3,-7.73
T1042-D1,five_ranked_unsupervised,Mod-5ranked_unsupervised_4,-7.8
T1042-D1,two_best_supervised,Mod-2best_supervised_0,-8.2
T1042-D1,two_best_supervised,Mod-2best_supervised_1,-8.34
T1042-D1,two_best_supervised,Mod-2best_supervised_2,-8.22
T1042-D1,two_best_supervised,Mod-2best_supervised_3,-8.25
T1042-D1,two_best_supervised,Mod-2best_supervised_4,-8.31
T1042-D1,two_best_unsupervised,Mod-2best_unsupervised_0,-8.26
T1042-D1,two_best_unsupervised,Mod-2best_unsupervised_1,-7.94
T1042-D1,two_best_unsupervised,Mod-2best_unsupervised_2,-7.97
T1042-D1,two_best_unsupervised,Mod-2best_unsupervised_3,-7.87
T1042-D1,two_best_unsupervised,Mod-2best_unsupervised_4,-8.01
T1043-D1,AlphaFold,ranked_0,-3.22
T1043-D1,AlphaFold,ranked_1,-3.17
T1043-D1,AlphaFold,ranked_2,-3.01
T1043-D1,AlphaFold,ranked_3,-2.84
T1043-D1,AlphaFold,ranked_4,-5.18
T1043-D1,five_ranked_unsupervised,Mod-5ranked_unsupervised_0,-3.07
T1043-D1,five_ranked_unsupervised,Mod-5ranked_unsupervised_1,-2.11
T1043-D1,five_ranked_unsupervised,Mod-5ranked_unsupervised_2,-2.3
T1043-D1,five_ranked_unsupervised,Mod-5ranked_unsupervised_3,-2.08
T1043-D1,five_ranked_unsupervised,Mod-5ranked_unsupervised_4,-2.01
T1043-D1,two_best_supervised,Mod-2best_supervised_0,-3.12
T1043-D1,two_best_supervised,Mod-2best_supervised_1,-3.44
T1043-D1,two_best_supervised,Mod-2best_supervised_2,-3.33
T1043-D1,two_best_supervised,Mod-2best_supervised_3,-3.25
T1043-D1,two_best_supervised,Mod-2best_supervised_4,-2.99
T1043-D1,two_best_unsupervised,Mod-2best_unsupervised_0,-3.05
T1043-D1,two_best_unsupervised,Mod-2best_unsupervised_1,-3.24
T1043-D1,two_best_unsupervised,Mod-2best_unsupervised_2,-3.05
T1043-D1,two_best_unsupervised,Mod-2best_unsupervised_3,-2.83
T1043-D1,two_best_unsupervised,Mod-2best_unsupervised_4,-2.99
T1045s1-D1,AlphaFold,ranked_0,-6.17
T1045s1-D1,AlphaFold,ranked_1,-6.12
T1045s1-D1,AlphaFold,ranked_2,-6.4
T1045s1-D1,AlphaFold,ranked_3,-6.28
T1045s1-D1,AlphaFold,ranked_4,-6.38
T1045s1-D1,five_ranked_unsupervised,Mod-5ranked_unsupervised_0,-6.18
T1045s1-D1,five_ranked_unsupervised,Mod-5ranked_unsupervised_1,-6.27
T1045s1-D1,five_ranked_unsupervised,Mod-5ranked_unsupervised_2,-6.17
T1045s1-D1,five_ranked_unsupervised,Mod-5ranked_unsupervised_3,-6.24
T1045s1-D1,five_ranked_unsupervised,Mod-5ranked_unsupervised_4,-6.33
T1045s1-D1,two_best_supervised,Mod-2best_supervised_0,-6.26
T1045s1-D1,two_best_supervised,Mod-2best_supervised_1,-6.18
T1045s1-D1,two_best_supervised,Mod-2best_supervised_2,-6.2
T1045s1-D1,two_best_supervised,Mod-2best_supervised_3,-6.35
T1045s1-D1,two_best_supervised,Mod-2best_supervised_4,-6.24
T1045s1-D1,two_best_unsupervised,Mod-2best_unsupervised_0,-6.34
T1045s1-D1,two_best_unsupervised,Mod-2best_unsupervised_1,-6.14
T1045s1-D1,two_best_unsupervised,Mod-2best_unsupervised_2,-6.16
T1045s1-D1,two_best_unsupervised,Mod-2best_unsupervised_3,-6.3
T1045s1-D1,two_best_unsupervised,Mod-2best_unsupervised_4,-6.22
T1045s2-D1,AlphaFold,ranked_0,-6.63
T1045s2-D1,AlphaFold,ranked_1,-6.5
T1045s2-D1,AlphaFold,ranked_2,-6.6
T1045s2-D1,AlphaFold,ranked_3,-6.84
T1045s2-D1,AlphaFold,ranked_4,-6.9
T1045s2-D1,five_ranked_unsupervised,Mod-5ranked_unsupervised_0,-6.97
T1045s2-D1,five_ranked_unsupervised,Mod-5ranked_unsupervised_1,-6.86
T1045s2-D1,five_ranked_unsupervised,Mod-5ranked_unsupervised_2,-6.62
T1045s2-D1,five_ranked_unsupervised,Mod-5ranked_unsupervised_3,-6.92
T1045s2-D1,five_ranked_unsupervised,Mod-5ranked_unsupervised_4,-6.93
T1045s2-D1,two_best_supervised,Mod-2best_supervised_0,-6.91
T1045s2-D1,two_best_supervised,Mod-2best_supervised_1,-6.92
T1045s2-D1,two_best_supervised,Mod-2best_supervised_2,-6.88
T1045s2-D1,two_best_supervised,Mod-2best_supervised_3,-7.04
T1045s2-D1,two_best_supervised,Mod-2best_supervised_4,-6.62
T1045s2-D1,two_best_unsupervised,Mod-2best_unsupervised_0,-6.58
T1045s2-D1,two_best_unsupervised,Mod-2best_unsupervised_1,-6.62
T1045s2-D1,two_best_unsupervised,Mod-2best_unsupervised_2,-6.52
T1045s2-D1,two_best_unsupervised,Mod-2best_unsupervised_3,-6.69
T1045s2-D1,two_best_unsupervised,Mod-2best_unsupervised_4,-6.65
T1046s1-D1,AlphaFold,ranked_0,-5.34
T1046s1-D1,AlphaFold,ranked_1,-5.56
T1046s1-D1,AlphaFold,ranked_2,-5.44
T1046s1-D1,AlphaFold,ranked_3,-5.57
T1046s1-D1,AlphaFold,ranked_4,-5.56
T1046s1-D1,five_ranked_unsupervised,Mod-5ranked_unsupervised_0,-5.31
T1046s1-D1,five_ranked_unsupervised,Mod-5ranked_unsupervised_1,-5.52
T1046s1-D1,five_ranked_unsupervised,Mod-5ranked_unsupervised_2,-5.54
T1046s1-D1,five_ranked_unsupervised,Mod-5ranked_unsupervised_3,-5.48
T1046s1-D1,five_ranked_unsupervised,Mod-5ranked_unsupervised_4,-5.34
T1046s1-D1,two_best_supervised,Mod-2best_supervised_0,-5.46
T1046s1-D1,two_best_supervised,Mod-2best_supervised_1,-5.37
T1046s1-D1,two_best_supervised,Mod-2best_supervised_2,-5.63
T1046s1-D1,two_best_supervised,Mod-2best_supervised_3,-5.43
T1046s1-D1,two_best_supervised,Mod-2best_supervised_4,-5.49
T1046s1-D1,two_best_unsupervised,Mod-2best_unsupervised_0,-5.62
T1046s1-D1,two_best_unsupervised,Mod-2best_unsupervised_1,-5.32
T1046s1-D1,two_best_unsupervised,Mod-2best_unsupervised_2,-5.54
T1046s1-D1,two_best_unsupervised,Mod-2best_unsupervised_3,-5.43
T1046s1-D1,two_best_unsupervised,Mod-2best_unsupervised_4,-5.5
T1046s2-D1,AlphaFold,ranked_0,-7.23
T1046s2-D1,AlphaFold,ranked_1,-7.18
T1046s2-D1,AlphaFold,ranked_2,-7.09
T1046s2-D1,AlphaFold,ranked_3,-7.11
T1046s2-D1,AlphaFold,ranked_4,-7.15
T1046s2-D1,five_ranked_unsupervised,Mod-5ranked_unsupervised_0,-7.2
T1046s2-D1,five_ranked_unsupervised,Mod-5ranked_unsupervised_1,-7.05
T1046s2-D1,five_ranked_unsupervised,Mod-5ranked_unsupervised_2,-7.08
T1046s2-D1,five_ranked_unsupervised,Mod-5ranked_unsupervised_3,-7.23
T1046s2-D1,five_ranked_unsupervised,Mod-5ranked_unsupervised_4,-7.01
T1046s2-D1,two_best_supervised,Mod-2best_supervised_0,-7.15
T1046s2-D1,two_best_supervised,Mod-2best_supervised_1,-7.1
T1046s2-D1,two_best_supervised,Mod-2best_supervised_2,-7.26
T1046s2-D1,two_best_supervised,Mod-2best_supervised_3,-7.05
T1046s2-D1,two_best_supervised,Mod-2best_supervised_4,-7.04
T1046s2-D1,two_best_unsupervised,Mod-2best_unsupervised_0,-7.04
T1046s2-D1,two_best_unsupervised,Mod-2best_unsupervised_1,-7.11
T1046s2-D1,two_best_unsupervised,Mod-2best_unsupervised_2,-7.15
T1046s2-D1,two_best_unsupervised,Mod-2best_unsupervised_3,-7.16
T1046s2-D1,two_best_unsupervised,Mod-2best_unsupervised_4,-7.25
T1047s1-D1,AlphaFold,ranked_0,-3.72
T1047s1-D1,AlphaFold,ranked_1,-3.76
T1047s1-D1,AlphaFold,ranked_2,-3.77
T1047s1-D1,AlphaFold,ranked_3,-3.8
T1047s1-D1,AlphaFold,ranked_4,-4.15
T1047s1-D1,five_ranked_unsupervised,Mod-5ranked_unsupervised_0,-3.77
T1047s1-D1,five_ranked_unsupervised,Mod-5ranked_unsupervised_1,-3.6
T1047s1-D1,five_ranked_unsupervised,Mod-5ranked_unsupervised_2,-3.59
T1047s1-D1,five_ranked_unsupervised,Mod-5ranked_unsupervised_3,-3.94
T1047s1-D1,five_ranked_unsupervised,Mod-5ranked_unsupervised_4,-3.82
T1047s1-D1,two_best_supervised,Mod-2best_supervised_0,-3.66
T1047s1-D1,two_best_supervised,Mod-2best_supervised_1,-3.61
T1047s1-D1,two_best_supervised,Mod-2best_supervised_2,-3.55
T1047s1-D1,two_best_supervised,Mod-2best_supervised_3,-3.59
T1047s1-D1,two_best_supervised,Mod-2best_supervised_4,-3.75
T1047s1-D1,two_best_unsupervised,Mod-2best_unsupervised_0,-3.51
T1047s1-D1,two_best_unsupervised,Mod-2best_unsupervised_1,-3.69
T1047s1-D1,two_best_unsupervised,Mod-2best_unsupervised_2,-4.02
T1047s1-D1,two_best_unsupervised,Mod-2best_unsupervised_3,-3.46
T1047s1-D1,two_best_unsupervised,Mod-2best_unsupervised_4,-3.34
T1047s2-D1,AlphaFold,ranked_0,-5.15
T1047s2-D1,AlphaFold,ranked_1,-5.03
T1047s2-D1,AlphaFold,ranked_2,-5.25
T1047s2-D1,AlphaFold,ranked_3,-5.1
T1047s2-D1,AlphaFold,ranked_4,-5.18
T1047s2-D1,five_ranked_unsupervised,Mod-5ranked_unsupervised_0,-5
T1047s2-D1,five_ranked_unsupervised,Mod-5ranked_unsupervised_1,-5.04
T1047s2-D1,five_ranked_unsupervised,Mod-5ranked_unsupervised_2,-5.21
T1047s2-D1,five_ranked_unsupervised,Mod-5ranked_unsupervised_3,-5.17
T1047s2-D1,five_ranked_unsupervised,Mod-5ranked_unsupervised_4,-5.06
T1047s2-D1,two_best_supervised,Mod-2best_supervised_0,-4.79
T1047s2-D1,two_best_supervised,Mod-2best_supervised_1,-5.04
T1047s2-D1,two_best_supervised,Mod-2best_supervised_2,-5.1
T1047s2-D1,two_best_supervised,Mod-2best_supervised_3,-4.99
T1047s2-D1,two_best_supervised,Mod-2best_supervised_4,-4.94
T1047s2-D1,two_best_unsupervised,Mod-2best_unsupervised_0,-5.07
T1047s2-D1,two_best_unsupervised,Mod-2best_unsupervised_1,-5.04
T1047s2-D1,two_best_unsupervised,Mod-2best_unsupervised_2,-4.92
T1047s2-D1,two_best_unsupervised,Mod-2best_unsupervised_3,-5.11
T1047s2-D1,two_best_unsupervised,Mod-2best_unsupervised_4,-5.04
T1047s2-D3,AlphaFold,ranked_0,-6.48
T1047s2-D3,AlphaFold,ranked_1,-6.45
T1047s2-D3,AlphaFold,ranked_2,-7.01
T1047s2-D3,AlphaFold,ranked_3,-6.55
T1047s2-D3,AlphaFold,ranked_4,-6.91
T1047s2-D3,five_ranked_unsupervised,Mod-5ranked_unsupervised_0,-6.9
T1047s2-D3,five_ranked_unsupervised,Mod-5ranked_unsupervised_1,-6.75
T1047s2-D3,five_ranked_unsupervised,Mod-5ranked_unsupervised_2,-6.79
T1047s2-D3,five_ranked_unsupervised,Mod-5ranked_unsupervised_3,-6.65
T1047s2-D3,five_ranked_unsupervised,Mod-5ranked_unsupervised_4,-6.53
T1047s2-D3,two_best_supervised,Mod-2best_supervised_0,-6.85
T1047s2-D3,two_best_supervised,Mod-2best_supervised_1,-6.98
T1047s2-D3,two_best_supervised,Mod-2best_supervised_2,-6.89
T1047s2-D3,two_best_supervised,Mod-2best_supervised_3,-6.95
T1047s2-D3,two_best_supervised,Mod-2best_supervised_4,-6.9
T1047s2-D3,two_best_unsupervised,Mod-2best_unsupervised_0,-6.81
T1047s2-D3,two_best_unsupervised,Mod-2best_unsupervised_1,-6.8
T1047s2-D3,two_best_unsupervised,Mod-2best_unsupervised_2,-6.69
T1047s2-D3,two_best_unsupervised,Mod-2best_unsupervised_3,-6.55
T1047s2-D3,two_best_unsupervised,Mod-2best_unsupervised_4,-7.1
T1049-D1,AlphaFold,ranked_0,-4.5
T1049-D1,AlphaFold,ranked_1,-4.55
T1049-D1,AlphaFold,ranked_2,-4.43
T1049-D1,AlphaFold,ranked_3,-4.69
T1049-D1,AlphaFold,ranked_4,-4.62
T1049-D1,five_ranked_unsupervised,Mod-5ranked_unsupervised_0,-4.19
T1049-D1,five_ranked_unsupervised,Mod-5ranked_unsupervised_1,-4.23
T1049-D1,five_ranked_unsupervised,Mod-5ranked_unsupervised_2,-4.31
T1049-D1,five_ranked_unsupervised,Mod-5ranked_unsupervised_3,-4.28
T1049-D1,five_ranked_unsupervised,Mod-5ranked_unsupervised_4,-4.36
T1049-D1,two_best_supervised,Mod-2best_supervised_0,-4.31
T1049-D1,two_best_supervised,Mod-2best_supervised_1,-4.59
T1049-D1,two_best_supervised,Mod-2best_supervised_2,-4.56
T1049-D1,two_best_supervised,Mod-2best_supervised_3,-4.43
T1049-D1,two_best_supervised,Mod-2best_supervised_4,-4.41
T1049-D1,two_best_unsupervised,Mod-2best_unsupervised_0,-4.52
T1049-D1,two_best_unsupervised,Mod-2best_unsupervised_1,-4.39
T1049-D1,two_best_unsupervised,Mod-2best_unsupervised_2,-4.3
T1049-D1,two_best_unsupervised,Mod-2best_unsupervised_3,-4.29
T1049-D1,two_best_unsupervised,Mod-2best_unsupervised_4,-4.43
T1053-D0,AlphaFold,ranked_0,-10.68
T1053-D0,AlphaFold,ranked_1,-10.84
T1053-D0,AlphaFold,ranked_2,-10.67
T1053-D0,AlphaFold,ranked_3,-10.82
T1053-D0,AlphaFold,ranked_4,-10.67
T1053-D0,five_ranked_unsupervised,Mod-5ranked_unsupervised_0,-10.61
T1053-D0,five_ranked_unsupervised,Mod-5ranked_unsupervised_1,-10.63
T1053-D0,five_ranked_unsupervised,Mod-5ranked_unsupervised_2,-10.62
T1053-D0,five_ranked_unsupervised,Mod-5ranked_unsupervised_3,-10.6
T1053-D0,five_ranked_unsupervised,Mod-5ranked_unsupervised_4,-10.67
T1053-D0,two_best_supervised,Mod-2best_supervised_0,-10.6
T1053-D0,two_best_supervised,Mod-2best_supervised_1,-10.69
T1053-D0,two_best_supervised,Mod-2best_supervised_2,-10.57
T1053-D0,two_best_supervised,Mod-2best_supervised_3,-10.53
T1053-D0,two_best_supervised,Mod-2best_supervised_4,-10.58
T1053-D0,two_best_unsupervised,Mod-2best_unsupervised_0,-10.6
T1053-D0,two_best_unsupervised,Mod-2best_unsupervised_1,-10.69
T1053-D0,two_best_unsupervised,Mod-2best_unsupervised_2,-10.69
T1053-D0,two_best_unsupervised,Mod-2best_unsupervised_3,-10.5
T1053-D0,two_best_unsupervised,Mod-2best_unsupervised_4,-10.59
T1053-D1,AlphaFold,ranked_0,-8.95
T1053-D1,AlphaFold,ranked_1,-9.07
T1053-D1,AlphaFold,ranked_2,-8.75
T1053-D1,AlphaFold,ranked_3,-9.03
T1053-D1,AlphaFold,ranked_4,-8.89
T1053-D1,five_ranked_unsupervised,Mod-5ranked_unsupervised_0,-8.88
T1053-D1,five_ranked_unsupervised,Mod-5ranked_unsupervised_1,-8.86
T1053-D1,five_ranked_unsupervised,Mod-5ranked_unsupervised_2,-8.82
T1053-D1,five_ranked_unsupervised,Mod-5ranked_unsupervised_3,-8.86
T1053-D1,five_ranked_unsupervised,Mod-5ranked_unsupervised_4,-8.93
T1053-D1,two_best_supervised,Mod-2best_supervised_0,-8.61
T1053-D1,two_best_supervised,Mod-2best_supervised_1,-8.61
T1053-D1,two_best_supervised,Mod-2best_supervised_2,-8.8
T1053-D1,two_best_supervised,Mod-2best_supervised_3,-8.59
T1053-D1,two_best_supervised,Mod-2best_supervised_4,-9.02
T1053-D1,two_best_unsupervised,Mod-2best_unsupervised_0,-8.73
T1053-D1,two_best_unsupervised,Mod-2best_unsupervised_1,-9
T1053-D1,two_best_unsupervised,Mod-2best_unsupervised_2,-8.95
T1053-D1,two_best_unsupervised,Mod-2best_unsupervised_3,-8.99
T1053-D1,two_best_unsupervised,Mod-2best_unsupervised_4,-8.9
T1053-D2,AlphaFold,ranked_0,-6.74
T1053-D2,AlphaFold,ranked_1,-6.92
T1053-D2,AlphaFold,ranked_2,-6.7
T1053-D2,AlphaFold,ranked_3,-6.67
T1053-D2,AlphaFold,ranked_4,-6.85
T1053-D2,five_ranked_unsupervised,Mod-5ranked_unsupervised_0,-6.81
T1053-D2,five_ranked_unsupervised,Mod-5ranked_unsupervised_1,-6.75
T1053-D2,five_ranked_unsupervised,Mod-5ranked_unsupervised_2,-6.77
T1053-D2,five_ranked_unsupervised,Mod-5ranked_unsupervised_3,-6.64
T1053-D2,five_ranked_unsupervised,Mod-5ranked_unsupervised_4,-6.85
T1053-D2,two_best_supervised,Mod-2best_supervised_0,-6.71
T1053-D2,two_best_supervised,Mod-2best_supervised_1,-6.67
T1053-D2,two_best_supervised,Mod-2best_supervised_2,-6.65
T1053-D2,two_best_supervised,Mod-2best_supervised_3,-6.67
T1053-D2,two_best_supervised,Mod-2best_supervised_4,-6.6
T1053-D2,two_best_unsupervised,Mod-2best_unsupervised_0,-6.78
T1053-D2,two_best_unsupervised,Mod-2best_unsupervised_1,-6.87
T1053-D2,two_best_unsupervised,Mod-2best_unsupervised_2,-6.8
T1053-D2,two_best_unsupervised,Mod-2best_unsupervised_3,-6.81
T1053-D2,two_best_unsupervised,Mod-2best_unsupervised_4,-6.81
T1054-D1,AlphaFold,ranked_0,-7.18
T1054-D1,AlphaFold,ranked_1,-7.08
T1054-D1,AlphaFold,ranked_2,-7.31
T1054-D1,AlphaFold,ranked_3,-7.15
T1054-D1,AlphaFold,ranked_4,-7.21
T1054-D1,five_ranked_unsupervised,Mod-5ranked_unsupervised_0,-6.97
T1054-D1,five_ranked_unsupervised,Mod-5ranked_unsupervised_1,-6.96
T1054-D1,five_ranked_unsupervised,Mod-5ranked_unsupervised_2,-6.95
T1054-D1,five_ranked_unsupervised,Mod-5ranked_unsupervised_3,-7.11
T1054-D1,five_ranked_unsupervised,Mod-5ranked_unsupervised_4,-7
T1054-D1,two_best_supervised,Mod-2best_supervised_0,-7.11
T1054-D1,two_best_supervised,Mod-2best_supervised_1,-7.06
T1054-D1,two_best_supervised,Mod-2best_supervised_2,-6.95
T1054-D1,two_best_supervised,Mod-2best_supervised_3,-6.97
T1054-D1,two_best_supervised,Mod-2best_supervised_4,-6.97
T1054-D1,two_best_unsupervised,Mod-2best_unsupervised_0,-7.11
T1054-D1,two_best_unsupervised,Mod-2best_unsupervised_1,-7.06
T1054-D1,two_best_unsupervised,Mod-2best_unsupervised_2,-6.95
T1054-D1,two_best_unsupervised,Mod-2best_unsupervised_3,-6.97
T1054-D1,two_best_unsupervised,Mod-2best_unsupervised_4,-6.97
T1055-D1,AlphaFold,ranked_0,-6.03
T1055-D1,AlphaFold,ranked_1,-5.81
T1055-D1,AlphaFold,ranked_2,-5.99
T1055-D1,AlphaFold,ranked_3,-5.66
T1055-D1,AlphaFold,ranked_4,-6.25
T1055-D1,five_ranked_unsupervised,Mod-5ranked_unsupervised_0,-5.95
T1055-D1,five_ranked_unsupervised,Mod-5ranked_unsupervised_1,-5.95
T1055-D1,five_ranked_unsupervised,Mod-5ranked_unsupervised_2,-5.85
T1055-D1,five_ranked_unsupervised,Mod-5ranked_unsupervised_3,-6.15
T1055-D1,five_ranked_unsupervised,Mod-5ranked_unsupervised_4,-5.88
T1055-D1,two_best_supervised,Mod-2best_supervised_0,-5.9
T1055-D1,two_best_supervised,Mod-2best_supervised_1,-5.95
T1055-D1,two_best_supervised,Mod-2best_supervised_2,-5.97
T1055-D1,two_best_supervised,Mod-2best_supervised_3,-5.94
T1055-D1,two_best_supervised,Mod-2best_supervised_4,-5.79
T1055-D1,two_best_unsupervised,Mod-2best_unsupervised_0,-5.9
T1055-D1,two_best_unsupervised,Mod-2best_unsupervised_1,-5.95
T1055-D1,two_best_unsupervised,Mod-2best_unsupervised_2,-5.97
T1055-D1,two_best_unsupervised,Mod-2best_unsupervised_3,-5.94
T1055-D1,two_best_unsupervised,Mod-2best_unsupervised_4,-5.79
T1056-D1,AlphaFold,ranked_0,-6.49
T1056-D1,AlphaFold,ranked_1,-6.43
T1056-D1,AlphaFold,ranked_2,-6.29
T1056-D1,AlphaFold,ranked_3,-6.58
T1056-D1,AlphaFold,ranked_4,-6.43
T1056-D1,five_ranked_unsupervised,Mod-5ranked_unsupervised_0,-6.17
T1056-D1,five_ranked_unsupervised,Mod-5ranked_unsupervised_1,-6.22
T1056-D1,five_ranked_unsupervised,Mod-5ranked_unsupervised_2,-6.2
T1056-D1,five_ranked_unsupervised,Mod-5ranked_unsupervised_3,-6.34
T1056-D1,five_ranked_unsupervised,Mod-5ranked_unsupervised_4,-6.29
T1056-D1,two_best_supervised,Mod-2best_supervised_0,-6.3
T1056-D1,two_best_supervised,Mod-2best_supervised_1,-6.21
T1056-D1,two_best_supervised,Mod-2best_supervised_2,-6.25
T1056-D1,two_best_supervised,Mod-2best_supervised_3,-6.28
T1056-D1,two_best_supervised,Mod-2best_supervised_4,-6.39
T1056-D1,two_best_unsupervised,Mod-2best_unsupervised_0,-6.39
T1056-D1,two_best_unsupervised,Mod-2best_unsupervised_1,-6.37
T1056-D1,two_best_unsupervised,Mod-2best_unsupervised_2,-6.3
T1056-D1,two_best_unsupervised,Mod-2best_unsupervised_3,-6.32
T1056-D1,two_best_unsupervised,Mod-2best_unsupervised_4,-6.36
T1065s1-D1,AlphaFold,ranked_0,-7.19
T1065s1-D1,AlphaFold,ranked_1,-7.34
T1065s1-D1,AlphaFold,ranked_2,-7.6
T1065s1-D1,AlphaFold,ranked_3,-7.74
T1065s1-D1,AlphaFold,ranked_4,-7.49
T1065s1-D1,five_ranked_unsupervised,Mod-5ranked_unsupervised_0,-7.46
T1065s1-D1,five_ranked_unsupervised,Mod-5ranked_unsupervised_1,-7.27
T1065s1-D1,five_ranked_unsupervised,Mod-5ranked_unsupervised_2,-7.52
T1065s1-D1,five_ranked_unsupervised,Mod-5ranked_unsupervised_3,-7.6
T1065s1-D1,five_ranked_unsupervised,Mod-5ranked_unsupervised_4,-7.26
T1065s1-D1,two_best_supervised,Mod-2best_supervised_0,-7.51
T1065s1-D1,two_best_supervised,Mod-2best_supervised_1,-7.64
T1065s1-D1,two_best_supervised,Mod-2best_supervised_2,-7.41
T1065s1-D1,two_best_supervised,Mod-2best_supervised_3,-7.42
T1065s1-D1,two_best_supervised,Mod-2best_supervised_4,-7.81
T1065s1-D1,two_best_unsupervised,Mod-2best_unsupervised_0,-7.32
T1065s1-D1,two_best_unsupervised,Mod-2best_unsupervised_1,-7.04
T1065s1-D1,two_best_unsupervised,Mod-2best_unsupervised_2,-7.32
T1065s1-D1,two_best_unsupervised,Mod-2best_unsupervised_3,-7.16
T1065s1-D1,two_best_unsupervised,Mod-2best_unsupervised_4,-7.13
T1065s2-D1,AlphaFold,ranked_0,-5.72
T1065s2-D1,AlphaFold,ranked_1,-5.68
T1065s2-D1,AlphaFold,ranked_2,-5.59
T1065s2-D1,AlphaFold,ranked_3,-5.79
T1065s2-D1,AlphaFold,ranked_4,-5.64
T1065s2-D1,five_ranked_unsupervised,Mod-5ranked_unsupervised_0,-5.88
T1065s2-D1,five_ranked_unsupervised,Mod-5ranked_unsupervised_1,-5.89
T1065s2-D1,five_ranked_unsupervised,Mod-5ranked_unsupervised_2,-5.79
T1065s2-D1,five_ranked_unsupervised,Mod-5ranked_unsupervised_3,-5.85
T1065s2-D1,five_ranked_unsupervised,Mod-5ranked_unsupervised_4,-5.89
T1065s2-D1,two_best_supervised,Mod-2best_supervised_0,-5.77
T1065s2-D1,two_best_supervised,Mod-2best_supervised_1,-5.56
T1065s2-D1,two_best_supervised,Mod-2best_supervised_2,-5.9
T1065s2-D1,two_best_supervised,Mod-2best_supervised_3,-5.96
T1065s2-D1,two_best_supervised,Mod-2best_supervised_4,-5.76
T1065s2-D1,two_best_unsupervised,Mod-2best_unsupervised_0,-5.71
T1065s2-D1,two_best_unsupervised,Mod-2best_unsupervised_1,-5.84
T1065s2-D1,two_best_unsupervised,Mod-2best_unsupervised_2,-5.7
T1065s2-D1,two_best_unsupervised,Mod-2best_unsupervised_3,-5.7
T1065s2-D1,two_best_unsupervised,Mod-2best_unsupervised_4,-5.81
T1074-D1,AlphaFold,ranked_0,-4.68
T1074-D1,AlphaFold,ranked_1,-5.01
T1074-D1,AlphaFold,ranked_2,-4.69
T1074-D1,AlphaFold,ranked_3,-4.81
T1074-D1,AlphaFold,ranked_4,-4.85
T1074-D1,five_ranked_unsupervised,Mod-5ranked_unsupervised_0,-4.81
T1074-D1,five_ranked_unsupervised,Mod-5ranked_unsupervised_1,-5.01
T1074-D1,five_ranked_unsupervised,Mod-5ranked_unsupervised_2,-4.94
T1074-D1,five_ranked_unsupervised,Mod-5ranked_unsupervised_3,-4.89
T1074-D1,five_ranked_unsupervised,Mod-5ranked_unsupervised_4,-5
T1074-D1,two_best_supervised,Mod-2best_supervised_0,-4.92
T1074-D1,two_best_supervised,Mod-2best_supervised_1,-4.91
T1074-D1,two_best_supervised,Mod-2best_supervised_2,-4.99
T1074-D1,two_best_supervised,Mod-2best_supervised_3,-5.15
T1074-D1,two_best_supervised,Mod-2best_supervised_4,-4.93
T1074-D1,two_best_unsupervised,Mod-2best_unsupervised_0,-4.9
T1074-D1,two_best_unsupervised,Mod-2best_unsupervised_1,-4.87
T1074-D1,two_best_unsupervised,Mod-2best_unsupervised_2,-5
T1074-D1,two_best_unsupervised,Mod-2best_unsupervised_3,-4.95
T1074-D1,two_best_unsupervised,Mod-2best_unsupervised_4,-5.01
T1076-D1,AlphaFold,ranked_0,-11.47
T1076-D1,AlphaFold,ranked_1,-11.69
T1076-D1,AlphaFold,ranked_2,-11.55
T1076-D1,AlphaFold,ranked_3,-11.59
T1076-D1,AlphaFold,ranked_4,-11.56
T1076-D1,five_ranked_unsupervised,Mod-5ranked_unsupervised_0,-11.51
T1076-D1,five_ranked_unsupervised,Mod-5ranked_unsupervised_1,-11.56
T1076-D1,five_ranked_unsupervised,Mod-5ranked_unsupervised_2,-11.54
T1076-D1,five_ranked_unsupervised,Mod-5ranked_unsupervised_3,-11.53
T1076-D1,five_ranked_unsupervised,Mod-5ranked_unsupervised_4,-11.51
T1076-D1,two_best_supervised,Mod-2best_supervised_0,-11.37
T1076-D1,two_best_supervised,Mod-2best_supervised_1,-11.43
T1076-D1,two_best_supervised,Mod-2best_supervised_2,-11.56
T1076-D1,two_best_supervised,Mod-2best_supervised_3,-11.31
T1076-D1,two_best_supervised,Mod-2best_supervised_4,-11.29
T1076-D1,two_best_unsupervised,Mod-2best_unsupervised_0,-11.45
T1076-D1,two_best_unsupervised,Mod-2best_unsupervised_1,-11.44
T1076-D1,two_best_unsupervised,Mod-2best_unsupervised_2,-11.57
T1076-D1,two_best_unsupervised,Mod-2best_unsupervised_3,-11.54
T1076-D1,two_best_unsupervised,Mod-2best_unsupervised_4,-11.59
T1078-D1,AlphaFold,ranked_0,-4.66
T1078-D1,AlphaFold,ranked_1,-4.61
T1078-D1,AlphaFold,ranked_2,-4.68
T1078-D1,AlphaFold,ranked_3,-4.87
T1078-D1,AlphaFold,ranked_4,-4.84
T1078-D1,five_ranked_unsupervised,Mod-5ranked_unsupervised_0,-4.69
T1078-D1,five_ranked_unsupervised,Mod-5ranked_unsupervised_1,-4.68
T1078-D1,five_ranked_unsupervised,Mod-5ranked_unsupervised_2,-4.62
T1078-D1,five_ranked_unsupervised,Mod-5ranked_unsupervised_3,-4.69
T1078-D1,five_ranked_unsupervised,Mod-5ranked_unsupervised_4,-4.72
T1078-D1,two_best_supervised,Mod-2best_supervised_0,-4.64
T1078-D1,two_best_supervised,Mod-2best_supervised_1,-4.87
T1078-D1,two_best_supervised,Mod-2best_supervised_2,-4.74
T1078-D1,two_best_supervised,Mod-2best_supervised_3,-4.83
T1078-D1,two_best_supervised,Mod-2best_supervised_4,-4.66
T1078-D1,two_best_unsupervised,Mod-2best_unsupervised_0,-4.62
T1078-D1,two_best_unsupervised,Mod-2best_unsupervised_1,-4.64
T1078-D1,two_best_unsupervised,Mod-2best_unsupervised_2,-4.78
T1078-D1,two_best_unsupervised,Mod-2best_unsupervised_3,-4.6
T1078-D1,two_best_unsupervised,Mod-2best_unsupervised_4,-4.66
T1082-D1,AlphaFold,ranked_0,-6.91
T1082-D1,AlphaFold,ranked_1,-6.94
T1082-D1,AlphaFold,ranked_2,-6.94
T1082-D1,AlphaFold,ranked_3,-6.83
T1082-D1,AlphaFold,ranked_4,-6.89
T1082-D1,five_ranked_unsupervised,Mod-5ranked_unsupervised_0,-6.84
T1082-D1,five_ranked_unsupervised,Mod-5ranked_unsupervised_1,-6.98
T1082-D1,five_ranked_unsupervised,Mod-5ranked_unsupervised_2,-6.92
T1082-D1,five_ranked_unsupervised,Mod-5ranked_unsupervised_3,-6.91
T1082-D1,five_ranked_unsupervised,Mod-5ranked_unsupervised_4,-6.79
T1082-D1,two_best_supervised,Mod-2best_supervised_0,-6.96
T1082-D1,two_best_supervised,Mod-2best_supervised_1,-6.94
T1082-D1,two_best_supervised,Mod-2best_supervised_2,-6.93
T1082-D1,two_best_supervised,Mod-2best_supervised_3,-7.01
T1082-D1,two_best_supervised,Mod-2best_supervised_4,-6.64
T1082-D1,two_best_unsupervised,Mod-2best_unsupervised_0,-6.76
T1082-D1,two_best_unsupervised,Mod-2best_unsupervised_1,-6.91
T1082-D1,two_best_unsupervised,Mod-2best_unsupervised_2,-6.89
T1082-D1,two_best_unsupervised,Mod-2best_unsupervised_3,-6.71
T1082-D1,two_best_unsupervised,Mod-2best_unsupervised_4,-6.89
T1090-D1,AlphaFold,ranked_0,-5.66
T1090-D1,AlphaFold,ranked_1,-5.89
T1090-D1,AlphaFold,ranked_2,-5.34
T1090-D1,AlphaFold,ranked_3,-5.79
T1090-D1,AlphaFold,ranked_4,-5.6
T1090-D1,five_ranked_unsupervised,Mod-5ranked_unsupervised_0,-5.68
T1090-D1,five_ranked_unsupervised,Mod-5ranked_unsupervised_1,-5.69
T1090-D1,five_ranked_unsupervised,Mod-5ranked_unsupervised_2,-5.72
T1090-D1,five_ranked_unsupervised,Mod-5ranked_unsupervised_3,-5.76
T1090-D1,five_ranked_unsupervised,Mod-5ranked_unsupervised_4,-5.54
T1090-D1,two_best_supervised,Mod-2best_supervised_0,-5.7
T1090-D1,two_best_supervised,Mod-2best_supervised_1,-5.61
T1090-D1,two_best_supervised,Mod-2best_supervised_2,-5.67
T1090-D1,two_best_supervised,Mod-2best_supervised_3,-5.66
T1090-D1,two_best_supervised,Mod-2best_supervised_4,-5.69
T1090-D1,two_best_unsupervised,Mod-2best_unsupervised_0,-5.73
T1090-D1,two_best_unsupervised,Mod-2best_unsupervised_1,-5.62
T1090-D1,two_best_unsupervised,Mod-2best_unsupervised_2,-5.63
T1090-D1,two_best_unsupervised,Mod-2best_unsupervised_3,-5.73
T1090-D1,two_best_unsupervised,Mod-2best_unsupervised_4,-5.76
T1099-D1,AlphaFold,ranked_0,-7.31
T1099-D1,AlphaFold,ranked_1,-7.24
T1099-D1,AlphaFold,ranked_2,-7.15
T1099-D1,AlphaFold,ranked_3,-7.06
T1099-D1,AlphaFold,ranked_4,-6.86
T1099-D1,five_ranked_unsupervised,Mod-5ranked_unsupervised_0,-7.13
T1099-D1,five_ranked_unsupervised,Mod-5ranked_unsupervised_1,-7.22
T1099-D1,five_ranked_unsupervised,Mod-5ranked_unsupervised_2,-7.17
T1099-D1,five_ranked_unsupervised,Mod-5ranked_unsupervised_3,-7.33
T1099-D1,five_ranked_unsupervised,Mod-5ranked_unsupervised_4,-7.37
T1099-D1,two_best_supervised,Mod-2best_supervised_0,-7.18
T1099-D1,two_best_supervised,Mod-2best_supervised_1,-7.35
T1099-D1,two_best_supervised,Mod-2best_supervised_2,-7.1
T1099-D1,two_best_supervised,Mod-2best_supervised_3,-7.28
T1099-D1,two_best_supervised,Mod-2best_supervised_4,-7.28
T1099-D1,two_best_unsupervised,Mod-2best_unsupervised_0,-7.24
T1099-D1,two_best_unsupervised,Mod-2best_unsupervised_1,-7.33
T1099-D1,two_best_unsupervised,Mod-2best_unsupervised_2,-7.26
T1099-D1,two_best_unsupervised,Mod-2best_unsupervised_3,-7.22
T1099-D1,two_best_unsupervised,Mod-2best_unsupervised_4,-7.21
7BRM-D1,AlphaFold,ranked_0,-6.02
7BRM-D1,AlphaFold,ranked_1,-5.74
7BRM-D1,AlphaFold,ranked_2,-5.67
7BRM-D1,AlphaFold,ranked_3,-5.84
7BRM-D1,AlphaFold,ranked_4,-5.83
7BRM-D1,five_ranked_unsupervised,Mod-5ranked_unsupervised_0,-5.95
7BRM-D1,five_ranked_unsupervised,Mod-5ranked_unsupervised_1,-5.82
7BRM-D1,five_ranked_unsupervised,Mod-5ranked_unsupervised_2,-5.97
7BRM-D1,five_ranked_unsupervised,Mod-5ranked_unsupervised_3,-6.08
7BRM-D1,five_ranked_unsupervised,Mod-5ranked_unsupervised_4,-6.05
7BRM-D1,two_best_supervised,Mod-2best_supervised_0,-6.12
7BRM-D1,two_best_supervised,Mod-2best_supervised_1,-5.81
7BRM-D1,two_best_supervised,Mod-2best_supervised_2,-5.93
7BRM-D1,two_best_supervised,Mod-2best_supervised_3,-6.1
7BRM-D1,two_best_supervised,Mod-2best_supervised_4,-6.01
7BRM-D1,two_best_unsupervised,Mod-2best_unsupervised_0,-5.88
7BRM-D1,two_best_unsupervised,Mod-2best_unsupervised_1,-5.68
7BRM-D1,two_best_unsupervised,Mod-2best_unsupervised_2,-5.79
7BRM-D1,two_best_unsupervised,Mod-2best_unsupervised_3,-6.11
7BRM-D1,two_best_unsupervised,Mod-2best_unsupervised_4,-6.02
7BXT-D1,AlphaFold,ranked_0,-2.53
7BXT-D1,AlphaFold,ranked_1,-2.36
7BXT-D1,AlphaFold,ranked_2,-2.35
7BXT-D1,AlphaFold,ranked_3,-2.43
7BXT-D1,AlphaFold,ranked_4,-2.42
7BXT-D1,five_ranked_unsupervised,Mod-5ranked_unsupervised_0,-2.34
7BXT-D1,five_ranked_unsupervised,Mod-5ranked_unsupervised_1,-2.27
7BXT-D1,five_ranked_unsupervised,Mod-5ranked_unsupervised_2,-2.34
7BXT-D1,five_ranked_unsupervised,Mod-5ranked_unsupervised_3,-2.45
7BXT-D1,five_ranked_unsupervised,Mod-5ranked_unsupervised_4,-2.38
7BXT-D1,two_best_supervised,Mod-2best_supervised_0,-2.41
7BXT-D1,two_best_supervised,Mod-2best_supervised_1,-2.43
7BXT-D1,two_best_supervised,Mod-2best_supervised_2,-2.3
7BXT-D1,two_best_supervised,Mod-2best_supervised_3,-2.52
7BXT-D1,two_best_supervised,Mod-2best_supervised_4,-2.42
7BXT-D1,two_best_unsupervised,Mod-2best_unsupervised_0,-2.52
7BXT-D1,two_best_unsupervised,Mod-2best_unsupervised_1,-2.48
7BXT-D1,two_best_unsupervised,Mod-2best_unsupervised_2,-2.45
7BXT-D1,two_best_unsupervised,Mod-2best_unsupervised_3,-2.4
7BXT-D1,two_best_unsupervised,Mod-2best_unsupervised_4,-2.72
7C2K-D1,AlphaFold,ranked_0,-13.16
7C2K-D1,AlphaFold,ranked_1,-13.26
7C2K-D1,AlphaFold,ranked_2,-12.85
7C2K-D1,AlphaFold,ranked_3,-13.01
7C2K-D1,AlphaFold,ranked_4,-12.72
7C2K-D1,five_ranked_unsupervised,Mod-5ranked_unsupervised_0,-13
7C2K-D1,five_ranked_unsupervised,Mod-5ranked_unsupervised_1,-12.91
7C2K-D1,five_ranked_unsupervised,Mod-5ranked_unsupervised_2,-12.9
7C2K-D1,five_ranked_unsupervised,Mod-5ranked_unsupervised_3,-13.03
7C2K-D1,five_ranked_unsupervised,Mod-5ranked_unsupervised_4,-13.09
7C2K-D1,two_best_supervised,Mod-2best_supervised_0,-13.26
7C2K-D1,two_best_supervised,Mod-2best_supervised_1,-13.1
7C2K-D1,two_best_supervised,Mod-2best_supervised_2,-13.23
7C2K-D1,two_best_supervised,Mod-2best_supervised_3,-13.12
7C2K-D1,two_best_supervised,Mod-2best_supervised_4,-13.09
7C2K-D1,two_best_unsupervised,Mod-2best_unsupervised_0,-13.17
7C2K-D1,two_best_unsupervised,Mod-2best_unsupervised_1,-13.1
7C2K-D1,two_best_unsupervised,Mod-2best_unsupervised_2,-13.06
7C2K-D1,two_best_unsupervised,Mod-2best_unsupervised_3,-13.16
7C2K-D1,two_best_unsupervised,Mod-2best_unsupervised_4,-13.24
7EDA-D1,AlphaFold,ranked_0,-3.76
7EDA-D1,AlphaFold,ranked_1,-3.73
7EDA-D1,AlphaFold,ranked_2,-3.8
7EDA-D1,AlphaFold,ranked_3,-3.85
7EDA-D1,AlphaFold,ranked_4,-4.13
7EDA-D1,five_ranked_unsupervised,Mod-5ranked_unsupervised_0,-3.82
7EDA-D1,five_ranked_unsupervised,Mod-5ranked_unsupervised_1,-3.84
7EDA-D1,five_ranked_unsupervised,Mod-5ranked_unsupervised_2,-3.76
7EDA-D1,five_ranked_unsupervised,Mod-5ranked_unsupervised_3,-3.9
7EDA-D1,five_ranked_unsupervised,Mod-5ranked_unsupervised_4,-3.96
7EDA-D1,two_best_supervised,Mod-2best_supervised_0,-3.53
7EDA-D1,two_best_supervised,Mod-2best_supervised_1,-3.73
7EDA-D1,two_best_supervised,Mod-2best_supervised_2,-3.67
7EDA-D1,two_best_supervised,Mod-2best_supervised_3,-3.63
7EDA-D1,two_best_supervised,Mod-2best_supervised_4,-3.67
7EDA-D1,two_best_unsupervised,Mod-2best_unsupervised_0,-3.56
7EDA-D1,two_best_unsupervised,Mod-2best_unsupervised_1,-3.68
7EDA-D1,two_best_unsupervised,Mod-2best_unsupervised_2,-3.63
7EDA-D1,two_best_unsupervised,Mod-2best_unsupervised_3,-3.44
7EDA-D1,two_best_unsupervised,Mod-2best_unsupervised_4,-3.53
7EV9-D1,AlphaFold,ranked_0,-6.32
7EV9-D1,AlphaFold,ranked_1,-6.35
7EV9-D1,AlphaFold,ranked_2,-6.32
7EV9-D1,AlphaFold,ranked_3,-6.34
7EV9-D1,AlphaFold,ranked_4,-6.31
7EV9-D1,five_ranked_unsupervised,Mod-5ranked_unsupervised_0,-6.25
7EV9-D1,five_ranked_unsupervised,Mod-5ranked_unsupervised_1,-6.35
7EV9-D1,five_ranked_unsupervised,Mod-5ranked_unsupervised_2,-6.35
7EV9-D1,five_ranked_unsupervised,Mod-5ranked_unsupervised_3,-6.46
7EV9-D1,five_ranked_unsupervised,Mod-5ranked_unsupervised_4,-6.23
7EV9-D1,two_best_supervised,Mod-2best_supervised_0,-6.22
7EV9-D1,two_best_supervised,Mod-2best_supervised_1,-6.2
7EV9-D1,two_best_supervised,Mod-2best_supervised_2,-6.3
7EV9-D1,two_best_supervised,Mod-2best_supervised_3,-6.33
7EV9-D1,two_best_supervised,Mod-2best_supervised_4,-6.22
7EV9-D1,two_best_unsupervised,Mod-2best_unsupervised_0,-6.22
7EV9-D1,two_best_unsupervised,Mod-2best_unsupervised_1,-6.2
7EV9-D1,two_best_unsupervised,Mod-2best_unsupervised_2,-6.3
7EV9-D1,two_best_unsupervised,Mod-2best_unsupervised_3,-6.33
7EV9-D1,two_best_unsupervised,Mod-2best_unsupervised_4,-6.22
7KU7-D1,AlphaFold,ranked_0,-8.07
7KU7-D1,AlphaFold,ranked_1,-8.2
7KU7-D1,AlphaFold,ranked_2,-8.47
7KU7-D1,AlphaFold,ranked_3,-8.67
7KU7-D1,AlphaFold,ranked_4,-8.52
7KU7-D1,five_ranked_unsupervised,Mod-5ranked_unsupervised_0,-8.43
7KU7-D1,five_ranked_unsupervised,Mod-5ranked_unsupervised_1,-8.49
7KU7-D1,five_ranked_unsupervised,Mod-5ranked_unsupervised_2,-8.37
7KU7-D1,five_ranked_unsupervised,Mod-5ranked_unsupervised_3,-8.3
7KU7-D1,five_ranked_unsupervised,Mod-5ranked_unsupervised_4,-8.45
7KU7-D1,two_best_supervised,Mod-2best_supervised_0,-8.26
7KU7-D1,two_best_supervised,Mod-2best_supervised_1,-8.39
7KU7-D1,two_best_supervised,Mod-2best_supervised_2,-8.3
7KU7-D1,two_best_supervised,Mod-2best_supervised_3,-8.12
7KU7-D1,two_best_supervised,Mod-2best_supervised_4,-8.27
7KU7-D1,two_best_unsupervised,Mod-2best_unsupervised_0,-8.32
7KU7-D1,two_best_unsupervised,Mod-2best_unsupervised_1,-8.27
7KU7-D1,two_best_unsupervised,Mod-2best_unsupervised_2,-8.17
7KU7-D1,two_best_unsupervised,Mod-2best_unsupervised_3,-8.15
7KU7-D1,two_best_unsupervised,Mod-2best_unsupervised_4,-8.31
7KZZ-D1,AlphaFold,ranked_0,-5.4
7KZZ-D1,AlphaFold,ranked_1,-5.26
7KZZ-D1,AlphaFold,ranked_2,-5.17
7KZZ-D1,AlphaFold,ranked_3,-5.2
7KZZ-D1,AlphaFold,ranked_4,-5.1
7KZZ-D1,five_ranked_unsupervised,Mod-5ranked_unsupervised_0,-5.17
7KZZ-D1,five_ranked_unsupervised,Mod-5ranked_unsupervised_1,-5.28
7KZZ-D1,five_ranked_unsupervised,Mod-5ranked_unsupervised_2,-5.23
7KZZ-D1,five_ranked_unsupervised,Mod-5ranked_unsupervised_3,-5.11
7KZZ-D1,five_ranked_unsupervised,Mod-5ranked_unsupervised_4,-5.2
7KZZ-D1,two_best_supervised,Mod-2best_supervised_0,-5.38
7KZZ-D1,two_best_supervised,Mod-2best_supervised_1,-5.41
7KZZ-D1,two_best_supervised,Mod-2best_supervised_2,-5.49
7KZZ-D1,two_best_supervised,Mod-2best_supervised_3,-5.31
7KZZ-D1,two_best_supervised,Mod-2best_supervised_4,-5.48
7KZZ-D1,two_best_unsupervised,Mod-2best_unsupervised_0,-5.42
7KZZ-D1,two_best_unsupervised,Mod-2best_unsupervised_1,-5.47
7KZZ-D1,two_best_unsupervised,Mod-2best_unsupervised_2,-5.48
7KZZ-D1,two_best_unsupervised,Mod-2best_unsupervised_3,-5.5
7KZZ-D1,two_best_unsupervised,Mod-2best_unsupervised_4,-5.39
7L1K-D1,AlphaFold,ranked_0,-5.49
7L1K-D1,AlphaFold,ranked_1,-5.34
7L1K-D1,AlphaFold,ranked_2,-5.39
7L1K-D1,AlphaFold,ranked_3,-5.4
7L1K-D1,AlphaFold,ranked_4,-5.39
7L1K-D1,five_ranked_unsupervised,Mod-5ranked_unsupervised_0,-5.41
7L1K-D1,five_ranked_unsupervised,Mod-5ranked_unsupervised_1,-5.57
7L1K-D1,five_ranked_unsupervised,Mod-5ranked_unsupervised_2,-5.49
7L1K-D1,five_ranked_unsupervised,Mod-5ranked_unsupervised_3,-5.49
7L1K-D1,five_ranked_unsupervised,Mod-5ranked_unsupervised_4,-5.58
7L1K-D1,two_best_supervised,Mod-2best_supervised_0,-5.49
7L1K-D1,two_best_supervised,Mod-2best_supervised_1,-5.43
7L1K-D1,two_best_supervised,Mod-2best_supervised_2,-5.49
7L1K-D1,two_best_supervised,Mod-2best_supervised_3,-5.48
7L1K-D1,two_best_supervised,Mod-2best_supervised_4,-5.56
7L1K-D1,two_best_unsupervised,Mod-2best_unsupervised_0,-5.49
7L1K-D1,two_best_unsupervised,Mod-2best_unsupervised_1,-5.43
7L1K-D1,two_best_unsupervised,Mod-2best_unsupervised_2,-5.49
7L1K-D1,two_best_unsupervised,Mod-2best_unsupervised_3,-5.48
7L1K-D1,two_best_unsupervised,Mod-2best_unsupervised_4,-5.56
7L6U-D1,AlphaFold,ranked_0,-5.41
7L6U-D1,AlphaFold,ranked_1,-5.64
7L6U-D1,AlphaFold,ranked_2,-5.89
7L6U-D1,AlphaFold,ranked_3,-5.87
7L6U-D1,AlphaFold,ranked_4,-5.87
7L6U-D1,five_ranked_unsupervised,Mod-5ranked_unsupervised_0,-5.61
7L6U-D1,five_ranked_unsupervised,Mod-5ranked_unsupervised_1,-5.69
7L6U-D1,five_ranked_unsupervised,Mod-5ranked_unsupervised_2,-5.58
7L6U-D1,five_ranked_unsupervised,Mod-5ranked_unsupervised_3,-5.66
7L6U-D1,five_ranked_unsupervised,Mod-5ranked_unsupervised_4,-5.68
7L6U-D1,two_best_supervised,Mod-2best_supervised_0,-5.38
7L6U-D1,two_best_supervised,Mod-2best_supervised_1,-5.53
7L6U-D1,two_best_supervised,Mod-2best_supervised_2,-5.49
7L6U-D1,two_best_supervised,Mod-2best_supervised_3,-5.54
7L6U-D1,two_best_supervised,Mod-2best_supervised_4,-5.67
7L6U-D1,two_best_unsupervised,Mod-2best_unsupervised_0,-5.38
7L6U-D1,two_best_unsupervised,Mod-2best_unsupervised_1,-5.53
7L6U-D1,two_best_unsupervised,Mod-2best_unsupervised_2,-5.49
7L6U-D1,two_best_unsupervised,Mod-2best_unsupervised_3,-5.54
7L6U-D1,two_best_unsupervised,Mod-2best_unsupervised_4,-5.67
7LC6-D1,AlphaFold,ranked_0,-7.7
7LC6-D1,AlphaFold,ranked_1,-7.62
7LC6-D1,AlphaFold,ranked_2,-7.83
7LC6-D1,AlphaFold,ranked_3,-7.66
7LC6-D1,AlphaFold,ranked_4,-7.59
7LC6-D1,five_ranked_unsupervised,Mod-5ranked_unsupervised_0,-7.59
7LC6-D1,five_ranked_unsupervised,Mod-5ranked_unsupervised_1,-7.61
7LC6-D1,five_ranked_unsupervised,Mod-5ranked_unsupervised_2,-7.58
7LC6-D1,five_ranked_unsupervised,Mod-5ranked_unsupervised_3,-7.56
7LC6-D1,five_ranked_unsupervised,Mod-5ranked_unsupervised_4,-7.59
7LC6-D1,two_best_supervised,Mod-2best_supervised_0,-7.59
7LC6-D1,two_best_supervised,Mod-2best_supervised_1,-7.55
7LC6-D1,two_best_supervised,Mod-2best_supervised_2,-7.63
7LC6-D1,two_best_supervised,Mod-2best_supervised_3,-7.64
7LC6-D1,two_best_supervised,Mod-2best_supervised_4,-7.66
7LC6-D1,two_best_unsupervised,Mod-2best_unsupervised_0,-7.65
7LC6-D1,two_best_unsupervised,Mod-2best_unsupervised_1,-7.65
7LC6-D1,two_best_unsupervised,Mod-2best_unsupervised_2,-7.75
7LC6-D1,two_best_unsupervised,Mod-2best_unsupervised_3,-7.68
7LC6-D1,two_best_unsupervised,Mod-2best_unsupervised_4,-7.64
7LCI-D1,AlphaFold,ranked_0,-6.09
7LCI-D1,AlphaFold,ranked_1,-6.37
7LCI-D1,AlphaFold,ranked_2,-6.1
7LCI-D1,AlphaFold,ranked_3,-6.4
7LCI-D1,AlphaFold,ranked_4,-6.13
7LCI-D1,five_ranked_unsupervised,Mod-5ranked_unsupervised_0,-6.31
7LCI-D1,five_ranked_unsupervised,Mod-5ranked_unsupervised_1,-6.23
7LCI-D1,five_ranked_unsupervised,Mod-5ranked_unsupervised_2,-6.37
7LCI-D1,five_ranked_unsupervised,Mod-5ranked_unsupervised_3,-6.31
7LCI-D1,five_ranked_unsupervised,Mod-5ranked_unsupervised_4,-6.31
7LCI-D1,two_best_supervised,Mod-2best_supervised_0,-6.35
7LCI-D1,two_best_supervised,Mod-2best_supervised_1,-6.19
7LCI-D1,two_best_supervised,Mod-2best_supervised_2,-6.09
7LCI-D1,two_best_supervised,Mod-2best_supervised_3,-6.18
7LCI-D1,two_best_supervised,Mod-2best_supervised_4,-6.16
7LCI-D1,two_best_unsupervised,Mod-2best_unsupervised_0,-6.37
7LCI-D1,two_best_unsupervised,Mod-2best_unsupervised_1,-6.17
7LCI-D1,two_best_unsupervised,Mod-2best_unsupervised_2,-6.15
7LCI-D1,two_best_unsupervised,Mod-2best_unsupervised_3,-6.29
7LCI-D1,two_best_unsupervised,Mod-2best_unsupervised_4,-6.09
7LS5-D1,AlphaFold,ranked_0,-9.07
7LS5-D1,AlphaFold,ranked_1,-9.08
7LS5-D1,AlphaFold,ranked_2,-8.97
7LS5-D1,AlphaFold,ranked_3,-9.09
7LS5-D1,AlphaFold,ranked_4,-9.05
7LS5-D1,five_ranked_unsupervised,Mod-5ranked_unsupervised_0,-9.09
7LS5-D1,five_ranked_unsupervised,Mod-5ranked_unsupervised_1,-9.2
7LS5-D1,five_ranked_unsupervised,Mod-5ranked_unsupervised_2,-9.15
7LS5-D1,five_ranked_unsupervised,Mod-5ranked_unsupervised_3,-9.06
7LS5-D1,five_ranked_unsupervised,Mod-5ranked_unsupervised_4,-9.02
7LS5-D1,two_best_supervised,Mod-2best_supervised_0,-8.97
7LS5-D1,two_best_supervised,Mod-2best_supervised_1,-9.09
7LS5-D1,two_best_supervised,Mod-2best_supervised_2,-9.16
7LS5-D1,two_best_supervised,Mod-2best_supervised_3,-9.07
7LS5-D1,two_best_supervised,Mod-2best_supervised_4,-9.08
7LS5-D1,two_best_unsupervised,Mod-2best_unsupervised_0,-8.91
7LS5-D1,two_best_unsupervised,Mod-2best_unsupervised_1,-8.92
7LS5-D1,two_best_unsupervised,Mod-2best_unsupervised_2,-9.07
7LS5-D1,two_best_unsupervised,Mod-2best_unsupervised_3,-9.17
7LS5-D1,two_best_unsupervised,Mod-2best_unsupervised_4,-9.01
7LSX-D1,AlphaFold,ranked_0,-9.18
7LSX-D1,AlphaFold,ranked_1,-9.15
7LSX-D1,AlphaFold,ranked_2,-9.04
7LSX-D1,AlphaFold,ranked_3,-9.12
7LSX-D1,AlphaFold,ranked_4,-8.98
7LSX-D1,five_ranked_unsupervised,Mod-5ranked_unsupervised_0,-9.37
7LSX-D1,five_ranked_unsupervised,Mod-5ranked_unsupervised_1,-9.22
7LSX-D1,five_ranked_unsupervised,Mod-5ranked_unsupervised_2,-9.25
7LSX-D1,five_ranked_unsupervised,Mod-5ranked_unsupervised_3,-9.29
7LSX-D1,five_ranked_unsupervised,Mod-5ranked_unsupervised_4,-9.35
7LSX-D1,two_best_supervised,Mod-2best_supervised_0,-9.15
7LSX-D1,two_best_supervised,Mod-2best_supervised_1,-8.96
7LSX-D1,two_best_supervised,Mod-2best_supervised_2,-9.05
7LSX-D1,two_best_supervised,Mod-2best_supervised_3,-9.05
7LSX-D1,two_best_supervised,Mod-2best_supervised_4,-9.03
7LSX-D1,two_best_unsupervised,Mod-2best_unsupervised_0,-9.26
7LSX-D1,two_best_unsupervised,Mod-2best_unsupervised_1,-9.3
7LSX-D1,two_best_unsupervised,Mod-2best_unsupervised_2,-9.42
7LSX-D1,two_best_unsupervised,Mod-2best_unsupervised_3,-9.25
7LSX-D1,two_best_unsupervised,Mod-2best_unsupervised_4,-9.3
7LV9-D1,AlphaFold,ranked_0,-3.34
7LV9-D1,AlphaFold,ranked_1,-2.93
7LV9-D1,AlphaFold,ranked_2,-3.22
7LV9-D1,AlphaFold,ranked_3,-2.14
7LV9-D1,AlphaFold,ranked_4,-1.84
7LV9-D1,five_ranked_unsupervised,Mod-5ranked_unsupervised_0,-2.39
7LV9-D1,five_ranked_unsupervised,Mod-5ranked_unsupervised_1,-2.03
7LV9-D1,five_ranked_unsupervised,Mod-5ranked_unsupervised_2,-2.06
7LV9-D1,five_ranked_unsupervised,Mod-5ranked_unsupervised_3,-2.24
7LV9-D1,five_ranked_unsupervised,Mod-5ranked_unsupervised_4,-2.7
7LV9-D1,two_best_supervised,Mod-2best_supervised_0,-2.97
7LV9-D1,two_best_supervised,Mod-2best_supervised_1,-2.9
7LV9-D1,two_best_supervised,Mod-2best_supervised_2,-2.99
7LV9-D1,two_best_supervised,Mod-2best_supervised_3,-3.01
7LV9-D1,two_best_supervised,Mod-2best_supervised_4,-2.78
7LV9-D1,two_best_unsupervised,Mod-2best_unsupervised_0,-2.97
7LV9-D1,two_best_unsupervised,Mod-2best_unsupervised_1,-2.9
7LV9-D1,two_best_unsupervised,Mod-2best_unsupervised_2,-2.99
7LV9-D1,two_best_unsupervised,Mod-2best_unsupervised_3,-3.01
7LV9-D1,two_best_unsupervised,Mod-2best_unsupervised_4,-2.78
7LVR-D1,AlphaFold,ranked_0,-9.93
7LVR-D1,AlphaFold,ranked_1,-9.78
7LVR-D1,AlphaFold,ranked_2,-9.85
7LVR-D1,AlphaFold,ranked_3,-9.72
7LVR-D1,AlphaFold,ranked_4,-9.79
7LVR-D1,five_ranked_unsupervised,Mod-5ranked_unsupervised_0,-9.73
7LVR-D1,five_ranked_unsupervised,Mod-5ranked_unsupervised_1,-9.73
7LVR-D1,five_ranked_unsupervised,Mod-5ranked_unsupervised_2,-9.81
7LVR-D1,five_ranked_unsupervised,Mod-5ranked_unsupervised_3,-9.83
7LVR-D1,five_ranked_unsupervised,Mod-5ranked_unsupervised_4,-9.82
7LVR-D1,two_best_supervised,Mod-2best_supervised_0,-9.82
7LVR-D1,two_best_supervised,Mod-2best_supervised_1,-9.92
7LVR-D1,two_best_supervised,Mod-2best_supervised_2,-9.73
7LVR-D1,two_best_supervised,Mod-2best_supervised_3,-9.96
7LVR-D1,two_best_supervised,Mod-2best_supervised_4,-9.82
7LVR-D1,two_best_unsupervised,Mod-2best_unsupervised_0,-9.94
7LVR-D1,two_best_unsupervised,Mod-2best_unsupervised_1,-10.13
7LVR-D1,two_best_unsupervised,Mod-2best_unsupervised_2,-9.87
7LVR-D1,two_best_unsupervised,Mod-2best_unsupervised_3,-9.9
7LVR-D1,two_best_unsupervised,Mod-2best_unsupervised_4,-9.86
7LX5-D1,AlphaFold,ranked_0,-6.28
7LX5-D1,AlphaFold,ranked_1,-6.26
7LX5-D1,AlphaFold,ranked_2,-6.11
7LX5-D1,AlphaFold,ranked_3,-6.12
7LX5-D1,AlphaFold,ranked_4,-6.33
7LX5-D1,five_ranked_unsupervised,Mod-5ranked_unsupervised_0,-6.24
7LX5-D1,five_ranked_unsupervised,Mod-5ranked_unsupervised_1,-6.19
7LX5-D1,five_ranked_unsupervised,Mod-5ranked_unsupervised_2,-6.27
7LX5-D1,five_ranked_unsupervised,Mod-5ranked_unsupervised_3,-6.36
7LX5-D1,five_ranked_unsupervised,Mod-5ranked_unsupervised_4,-6.23
7LX5-D1,two_best_supervised,Mod-2best_supervised_0,-6.24
7LX5-D1,two_best_supervised,Mod-2best_supervised_1,-6.21
7LX5-D1,two_best_supervised,Mod-2best_supervised_2,-6.27
7LX5-D1,two_best_supervised,Mod-2best_supervised_3,-6.28
7LX5-D1,two_best_supervised,Mod-2best_supervised_4,-6.32
7LX5-D1,two_best_unsupervised,Mod-2best_unsupervised_0,-6.28
7LX5-D1,two_best_unsupervised,Mod-2best_unsupervised_1,-6.35
7LX5-D1,two_best_unsupervised,Mod-2best_unsupervised_2,-6.26
7LX5-D1,two_best_unsupervised,Mod-2best_unsupervised_3,-6.33
7LX5-D1,two_best_unsupervised,Mod-2best_unsupervised_4,-6.27
7M7B-D1,AlphaFold,ranked_0,-6.27
7M7B-D1,AlphaFold,ranked_1,-6.19
7M7B-D1,AlphaFold,ranked_2,-6.13
7M7B-D1,AlphaFold,ranked_3,-6.1
7M7B-D1,AlphaFold,ranked_4,-6.1
7M7B-D1,five_ranked_unsupervised,Mod-5ranked_unsupervised_0,-6.11
7M7B-D1,five_ranked_unsupervised,Mod-5ranked_unsupervised_1,-5.95
7M7B-D1,five_ranked_unsupervised,Mod-5ranked_unsupervised_2,-6.04
7M7B-D1,five_ranked_unsupervised,Mod-5ranked_unsupervised_3,-6.08
7M7B-D1,five_ranked_unsupervised,Mod-5ranked_unsupervised_4,-6.12
7M7B-D1,two_best_supervised,Mod-2best_supervised_0,-6.22
7M7B-D1,two_best_supervised,Mod-2best_supervised_1,-6.19
7M7B-D1,two_best_supervised,Mod-2best_supervised_2,-6.2
7M7B-D1,two_best_supervised,Mod-2best_supervised_3,-6.13
7M7B-D1,two_best_supervised,Mod-2best_supervised_4,-6.13
7M7B-D1,two_best_unsupervised,Mod-2best_unsupervised_0,-6.22
7M7B-D1,two_best_unsupervised,Mod-2best_unsupervised_1,-6.19
7M7B-D1,two_best_unsupervised,Mod-2best_unsupervised_2,-6.2
7M7B-D1,two_best_unsupervised,Mod-2best_unsupervised_3,-6.13
7M7B-D1,two_best_unsupervised,Mod-2best_unsupervised_4,-6.13
7M9C-D1,AlphaFold,ranked_0,-9.11
7M9C-D1,AlphaFold,ranked_1,-9.25
7M9C-D1,AlphaFold,ranked_2,-9.29
7M9C-D1,AlphaFold,ranked_3,-9.23
7M9C-D1,AlphaFold,ranked_4,-9.14
7M9C-D1,five_ranked_unsupervised,Mod-5ranked_unsupervised_0,-9.22
7M9C-D1,five_ranked_unsupervised,Mod-5ranked_unsupervised_1,-9.23
7M9C-D1,five_ranked_unsupervised,Mod-5ranked_unsupervised_2,-9.26
7M9C-D1,five_ranked_unsupervised,Mod-5ranked_unsupervised_3,-9.3
7M9C-D1,five_ranked_unsupervised,Mod-5ranked_unsupervised_4,-9.34
7M9C-D1,two_best_supervised,Mod-2best_supervised_0,-9.14
7M9C-D1,two_best_supervised,Mod-2best_supervised_1,-9.29
7M9C-D1,two_best_supervised,Mod-2best_supervised_2,-9.17
7M9C-D1,two_best_supervised,Mod-2best_supervised_3,-9.28
7M9C-D1,two_best_supervised,Mod-2best_supervised_4,-9.23
7M9C-D1,two_best_unsupervised,Mod-2best_unsupervised_0,-9.16
7M9C-D1,two_best_unsupervised,Mod-2best_unsupervised_1,-9.29
7M9C-D1,two_best_unsupervised,Mod-2best_unsupervised_2,-9.16
7M9C-D1,two_best_unsupervised,Mod-2best_unsupervised_3,-9.13
7M9C-D1,two_best_unsupervised,Mod-2best_unsupervised_4,-9.2
7MBY-D1,AlphaFold,ranked_0,-7.74
7MBY-D1,AlphaFold,ranked_1,-7.8
7MBY-D1,AlphaFold,ranked_2,-7.71
7MBY-D1,AlphaFold,ranked_3,-7.71
7MBY-D1,AlphaFold,ranked_4,-7.51
7MBY-D1,five_ranked_unsupervised,Mod-5ranked_unsupervised_0,-7.58
7MBY-D1,five_ranked_unsupervised,Mod-5ranked_unsupervised_1,-7.62
7MBY-D1,five_ranked_unsupervised,Mod-5ranked_unsupervised_2,-7.57
7MBY-D1,five_ranked_unsupervised,Mod-5ranked_unsupervised_3,-7.57
7MBY-D1,five_ranked_unsupervised,Mod-5ranked_unsupervised_4,-7.69
7MBY-D1,two_best_supervised,Mod-2best_supervised_0,-7.64
7MBY-D1,two_best_supervised,Mod-2best_supervised_1,-7.6
7MBY-D1,two_best_supervised,Mod-2best_supervised_2,-7.54
7MBY-D1,two_best_supervised,Mod-2best_supervised_3,-7.6
7MBY-D1,two_best_supervised,Mod-2best_supervised_4,-7.55
7MBY-D1,two_best_unsupervised,Mod-2best_unsupervised_0,-7.54
7MBY-D1,two_best_unsupervised,Mod-2best_unsupervised_1,-7.5
7MBY-D1,two_best_unsupervised,Mod-2best_unsupervised_2,-7.63
7MBY-D1,two_best_unsupervised,Mod-2best_unsupervised_3,-7.69
7MBY-D1,two_best_unsupervised,Mod-2best_unsupervised_4,-7.52
7ME0-D1,AlphaFold,ranked_0,-8.19
7ME0-D1,AlphaFold,ranked_1,-8.23
7ME0-D1,AlphaFold,ranked_2,-8.6
7ME0-D1,AlphaFold,ranked_3,-8.51
7ME0-D1,AlphaFold,ranked_4,-8.62
7ME0-D1,five_ranked_unsupervised,Mod-5ranked_unsupervised_0,-8.35
7ME0-D1,five_ranked_unsupervised,Mod-5ranked_unsupervised_1,-8.45
7ME0-D1,five_ranked_unsupervised,Mod-5ranked_unsupervised_2,-8.32
7ME0-D1,five_ranked_unsupervised,Mod-5ranked_unsupervised_3,-8.27
7ME0-D1,five_ranked_unsupervised,Mod-5ranked_unsupervised_4,-8.6
7ME0-D1,two_best_supervised,Mod-2best_supervised_0,-8.13
7ME0-D1,two_best_supervised,Mod-2best_supervised_1,-8.04
7ME0-D1,two_best_supervised,Mod-2best_supervised_2,-8.08
7ME0-D1,two_best_supervised,Mod-2best_supervised_3,-8.17
7ME0-D1,two_best_supervised,Mod-2best_supervised_4,-8.15
7ME0-D1,two_best_unsupervised,Mod-2best_unsupervised_0,-8.13
7ME0-D1,two_best_unsupervised,Mod-2best_unsupervised_1,-8.04
7ME0-D1,two_best_unsupervised,Mod-2best_unsupervised_2,-8.08
7ME0-D1,two_best_unsupervised,Mod-2best_unsupervised_3,-8.17
7ME0-D1,two_best_unsupervised,Mod-2best_unsupervised_4,-8.15
7MJS-D1,AlphaFold,ranked_0,-5.51
7MJS-D1,AlphaFold,ranked_1,-5.78
7MJS-D1,AlphaFold,ranked_2,-5.71
7MJS-D1,AlphaFold,ranked_3,-5.56
7MJS-D1,AlphaFold,ranked_4,-5.74
7MJS-D1,five_ranked_unsupervised,Mod-5ranked_unsupervised_0,-5.63
7MJS-D1,five_ranked_unsupervised,Mod-5ranked_unsupervised_1,-5.6
7MJS-D1,five_ranked_unsupervised,Mod-5ranked_unsupervised_2,-5.62
7MJS-D1,five_ranked_unsupervised,Mod-5ranked_unsupervised_3,-5.4
7MJS-D1,five_ranked_unsupervised,Mod-5ranked_unsupervised_4,-5.59
7MJS-D1,two_best_supervised,Mod-2best_supervised_0,-5.73
7MJS-D1,two_best_supervised,Mod-2best_supervised_1,-5.71
7MJS-D1,two_best_supervised,Mod-2best_supervised_2,-5.79
7MJS-D1,two_best_supervised,Mod-2best_supervised_3,-5.48
7MJS-D1,two_best_supervised,Mod-2best_supervised_4,-5.67
7MJS-D1,two_best_unsupervised,Mod-2best_unsupervised_0,-5.62
7MJS-D1,two_best_unsupervised,Mod-2best_unsupervised_1,-5.48
7MJS-D1,two_best_unsupervised,Mod-2best_unsupervised_2,-5.47
7MJS-D1,two_best_unsupervised,Mod-2best_unsupervised_3,-5.63
7MJS-D1,two_best_unsupervised,Mod-2best_unsupervised_4,-5.71
7MLZ-D1,AlphaFold,ranked_0,-6.15
7MLZ-D1,AlphaFold,ranked_1,-6.11
7MLZ-D1,AlphaFold,ranked_2,-6.28
7MLZ-D1,AlphaFold,ranked_3,-6.38
7MLZ-D1,AlphaFold,ranked_4,-5.9
7MLZ-D1,five_ranked_unsupervised,Mod-5ranked_unsupervised_0,-5.98
7MLZ-D1,five_ranked_unsupervised,Mod-5ranked_unsupervised_1,-6.05
7MLZ-D1,five_ranked_unsupervised,Mod-5ranked_unsupervised_2,-6.05
7MLZ-D1,five_ranked_unsupervised,Mod-5ranked_unsupervised_3,-6.04
7MLZ-D1,five_ranked_unsupervised,Mod-5ranked_unsupervised_4,-6.04
7MLZ-D1,two_best_supervised,Mod-2best_supervised_0,-6.06
7MLZ-D1,two_best_supervised,Mod-2best_supervised_1,-6.04
7MLZ-D1,two_best_supervised,Mod-2best_supervised_2,-6.1
7MLZ-D1,two_best_supervised,Mod-2best_supervised_3,-6.07
7MLZ-D1,two_best_supervised,Mod-2best_supervised_4,-6.1
7MLZ-D1,two_best_unsupervised,Mod-2best_unsupervised_0,-6.06
7MLZ-D1,two_best_unsupervised,Mod-2best_unsupervised_1,-6.04
7MLZ-D1,two_best_unsupervised,Mod-2best_unsupervised_2,-6.1
7MLZ-D1,two_best_unsupervised,Mod-2best_unsupervised_3,-6.07
7MLZ-D1,two_best_unsupervised,Mod-2best_unsupervised_4,-6.1
7MSW-D1,AlphaFold,ranked_0,-12.32
7MSW-D1,AlphaFold,ranked_1,-11.73
7MSW-D1,AlphaFold,ranked_2,-11.42
7MSW-D1,AlphaFold,ranked_3,-11.5
7MSW-D1,AlphaFold,ranked_4,-11.51
7MSW-D1,five_ranked_unsupervised,Mod-5ranked_unsupervised_0,-10.59
7MSW-D1,five_ranked_unsupervised,Mod-5ranked_unsupervised_1,-10.7
7MSW-D1,five_ranked_unsupervised,Mod-5ranked_unsupervised_2,-10.51
7MSW-D1,five_ranked_unsupervised,Mod-5ranked_unsupervised_3,-10.65
7MSW-D1,five_ranked_unsupervised,Mod-5ranked_unsupervised_4,-10.37
7MSW-D1,two_best_supervised,Mod-2best_supervised_0,-10.77
7MSW-D1,two_best_supervised,Mod-2best_supervised_1,-10.87
7MSW-D1,two_best_supervised,Mod-2best_supervised_2,-10.64
7MSW-D1,two_best_supervised,Mod-2best_supervised_3,-10.62
7MSW-D1,two_best_supervised,Mod-2best_supervised_4,-10.79
7MSW-D1,two_best_unsupervised,Mod-2best_unsupervised_0,-11.85
7MSW-D1,two_best_unsupervised,Mod-2best_unsupervised_1,-11.76
7MSW-D1,two_best_unsupervised,Mod-2best_unsupervised_2,-12.05
7MSW-D1,two_best_unsupervised,Mod-2best_unsupervised_3,-11.79
7MSW-D1,two_best_unsupervised,Mod-2best_unsupervised_4,-12.06
7N8I-D1,AlphaFold,ranked_0,-4.58
7N8I-D1,AlphaFold,ranked_1,-4.5
7N8I-D1,AlphaFold,ranked_2,-4.57
7N8I-D1,AlphaFold,ranked_3,-4.41
7N8I-D1,AlphaFold,ranked_4,-4.66
7N8I-D1,five_ranked_unsupervised,Mod-5ranked_unsupervised_0,-4.59
7N8I-D1,five_ranked_unsupervised,Mod-5ranked_unsupervised_1,-4.42
7N8I-D1,five_ranked_unsupervised,Mod-5ranked_unsupervised_2,-4.42
7N8I-D1,five_ranked_unsupervised,Mod-5ranked_unsupervised_3,-4.56
7N8I-D1,five_ranked_unsupervised,Mod-5ranked_unsupervised_4,-4.46
7N8I-D1,two_best_supervised,Mod-2best_supervised_0,-4.42
7N8I-D1,two_best_supervised,Mod-2best_supervised_1,-4.52
7N8I-D1,two_best_supervised,Mod-2best_supervised_2,-4.36
7N8I-D1,two_best_supervised,Mod-2best_supervised_3,-4.63
7N8I-D1,two_best_supervised,Mod-2best_supervised_4,-4.38
7N8I-D1,two_best_unsupervised,Mod-2best_unsupervised_0,-4.52
7N8I-D1,two_best_unsupervised,Mod-2best_unsupervised_1,-4.71
7N8I-D1,two_best_unsupervised,Mod-2best_unsupervised_2,-4.49
7N8I-D1,two_best_unsupervised,Mod-2best_unsupervised_3,-4.41
7N8I-D1,two_best_unsupervised,Mod-2best_unsupervised_4,-4.39
7RB9-D1,AlphaFold,ranked_0,-10.14
7RB9-D1,AlphaFold,ranked_1,-10.1
7RB9-D1,AlphaFold,ranked_2,-10.11
7RB9-D1,AlphaFold,ranked_3,-10.11
7RB9-D1,AlphaFold,ranked_4,-10.06
7RB9-D1,five_ranked_unsupervised,Mod-5ranked_unsupervised_0,-10.18
7RB9-D1,five_ranked_unsupervised,Mod-5ranked_unsupervised_1,-10.15
7RB9-D1,five_ranked_unsupervised,Mod-5ranked_unsupervised_2,-10.28
7RB9-D1,five_ranked_unsupervised,Mod-5ranked_unsupervised_3,-10.24
7RB9-D1,five_ranked_unsupervised,Mod-5ranked_unsupervised_4,-10.15
7RB9-D1,two_best_supervised,Mod-2best_supervised_0,-10.25
7RB9-D1,two_best_supervised,Mod-2best_supervised_1,-10.21
7RB9-D1,two_best_supervised,Mod-2best_supervised_2,-10.21
7RB9-D1,two_best_supervised,Mod-2best_supervised_3,-10.08
7RB9-D1,two_best_supervised,Mod-2best_supervised_4,-10.1
7RB9-D1,two_best_unsupervised,Mod-2best_unsupervised_0,-10.22
7RB9-D1,two_best_unsupervised,Mod-2best_unsupervised_1,-10.24
7RB9-D1,two_best_unsupervised,Mod-2best_unsupervised_2,-10.23
7RB9-D1,two_best_unsupervised,Mod-2best_unsupervised_3,-10.2
7RB9-D1,two_best_unsupervised,Mod-2best_unsupervised_4,-10.23
